--
-- PostgreSQL database dump
--

-- Dumped from database version 9.5.7
-- Dumped by pg_dump version 9.5.7

SET statement_timeout = 0;
SET lock_timeout = 0;
SET client_encoding = 'UTF8';
SET standard_conforming_strings = on;
SET check_function_bodies = false;
SET client_min_messages = warning;
SET row_security = off;

--
-- Name: plpgsql; Type: EXTENSION; Schema: -; Owner: 
--

CREATE EXTENSION IF NOT EXISTS plpgsql WITH SCHEMA pg_catalog;


--
-- Name: EXTENSION plpgsql; Type: COMMENT; Schema: -; Owner: 
--

COMMENT ON EXTENSION plpgsql IS 'PL/pgSQL procedural language';


SET search_path = public, pg_catalog;

SET default_tablespace = '';

SET default_with_oids = false;

--
-- Name: assigned_posts; Type: TABLE; Schema: public; Owner: vagrant
--

CREATE TABLE assigned_posts (
    assigned_post_id integer NOT NULL,
    post_id character varying(14) NOT NULL,
    emp_id character varying(5) NOT NULL,
    was_read boolean NOT NULL,
    read_date timestamp without time zone
);


ALTER TABLE assigned_posts OWNER TO vagrant;

--
-- Name: assigned_posts_assigned_post_id_seq; Type: SEQUENCE; Schema: public; Owner: vagrant
--

CREATE SEQUENCE assigned_posts_assigned_post_id_seq
    START WITH 1
    INCREMENT BY 1
    NO MINVALUE
    NO MAXVALUE
    CACHE 1;


ALTER TABLE assigned_posts_assigned_post_id_seq OWNER TO vagrant;

--
-- Name: assigned_posts_assigned_post_id_seq; Type: SEQUENCE OWNED BY; Schema: public; Owner: vagrant
--

ALTER SEQUENCE assigned_posts_assigned_post_id_seq OWNED BY assigned_posts.assigned_post_id;


--
-- Name: categories; Type: TABLE; Schema: public; Owner: vagrant
--

CREATE TABLE categories (
    cat_id character varying(3) NOT NULL,
    name character varying(25) NOT NULL
);


ALTER TABLE categories OWNER TO vagrant;

--
-- Name: districts; Type: TABLE; Schema: public; Owner: vagrant
--

CREATE TABLE districts (
    district_id character varying(3) NOT NULL,
    name character varying(25) NOT NULL
);


ALTER TABLE districts OWNER TO vagrant;

--
-- Name: employees; Type: TABLE; Schema: public; Owner: vagrant
--

CREATE TABLE employees (
    emp_id character varying(5) NOT NULL,
    fname character varying(25) NOT NULL,
    lname character varying(25) NOT NULL,
    ssn character varying(11) NOT NULL,
    password character varying(5) NOT NULL,
    store_id character varying(3) NOT NULL,
    pos_id character varying(5) NOT NULL
);


ALTER TABLE employees OWNER TO vagrant;

--
-- Name: events; Type: TABLE; Schema: public; Owner: vagrant
--

CREATE TABLE events (
    event_id integer NOT NULL,
    "desc" character varying(25) NOT NULL,
    date timestamp without time zone NOT NULL,
    store_id character varying(3) NOT NULL
);


ALTER TABLE events OWNER TO vagrant;

--
-- Name: events_event_id_seq; Type: SEQUENCE; Schema: public; Owner: vagrant
--

CREATE SEQUENCE events_event_id_seq
    START WITH 1
    INCREMENT BY 1
    NO MINVALUE
    NO MAXVALUE
    CACHE 1;


ALTER TABLE events_event_id_seq OWNER TO vagrant;

--
-- Name: events_event_id_seq; Type: SEQUENCE OWNED BY; Schema: public; Owner: vagrant
--

ALTER SEQUENCE events_event_id_seq OWNED BY events.event_id;


--
-- Name: positions; Type: TABLE; Schema: public; Owner: vagrant
--

CREATE TABLE positions (
    pos_id character varying(5) NOT NULL,
    title character varying(25) NOT NULL
);


ALTER TABLE positions OWNER TO vagrant;

--
-- Name: posts; Type: TABLE; Schema: public; Owner: vagrant
--

CREATE TABLE posts (
    post_id character varying(14) NOT NULL,
    title character varying(75) NOT NULL,
    date timestamp without time zone NOT NULL,
    text text NOT NULL,
    emp_id character varying(5) NOT NULL,
    cat_id character varying(3) NOT NULL,
    pdf_url character varying(75)
);


ALTER TABLE posts OWNER TO vagrant;

--
-- Name: stores; Type: TABLE; Schema: public; Owner: vagrant
--

CREATE TABLE stores (
    store_id character varying(3) NOT NULL,
    name character varying(255) NOT NULL,
    address character varying(255) NOT NULL,
    city character varying(75) NOT NULL,
    state character varying(2) NOT NULL,
    zipcode character varying(5) NOT NULL,
    phone character varying(14) NOT NULL,
    district_id character varying(3) NOT NULL
);


ALTER TABLE stores OWNER TO vagrant;

--
-- Name: tasks; Type: TABLE; Schema: public; Owner: vagrant
--

CREATE TABLE tasks (
    task_id integer NOT NULL,
    post_id character varying(14) NOT NULL,
    store_id character varying(3) NOT NULL,
    emp_id character varying(5),
    "desc" character varying(50) NOT NULL,
    assigned_date timestamp without time zone,
    deadline timestamp without time zone,
    is_complete boolean NOT NULL,
    complete_date timestamp without time zone
);


ALTER TABLE tasks OWNER TO vagrant;

--
-- Name: tasks_task_id_seq; Type: SEQUENCE; Schema: public; Owner: vagrant
--

CREATE SEQUENCE tasks_task_id_seq
    START WITH 1
    INCREMENT BY 1
    NO MINVALUE
    NO MAXVALUE
    CACHE 1;


ALTER TABLE tasks_task_id_seq OWNER TO vagrant;

--
-- Name: tasks_task_id_seq; Type: SEQUENCE OWNED BY; Schema: public; Owner: vagrant
--

ALTER SEQUENCE tasks_task_id_seq OWNED BY tasks.task_id;


--
-- Name: assigned_post_id; Type: DEFAULT; Schema: public; Owner: vagrant
--

ALTER TABLE ONLY assigned_posts ALTER COLUMN assigned_post_id SET DEFAULT nextval('assigned_posts_assigned_post_id_seq'::regclass);


--
-- Name: event_id; Type: DEFAULT; Schema: public; Owner: vagrant
--

ALTER TABLE ONLY events ALTER COLUMN event_id SET DEFAULT nextval('events_event_id_seq'::regclass);


--
-- Name: task_id; Type: DEFAULT; Schema: public; Owner: vagrant
--

ALTER TABLE ONLY tasks ALTER COLUMN task_id SET DEFAULT nextval('tasks_task_id_seq'::regclass);


--
-- Data for Name: assigned_posts; Type: TABLE DATA; Schema: public; Owner: vagrant
--

COPY assigned_posts (assigned_post_id, post_id, emp_id, was_read, read_date) FROM stdin;
417	20171204063110	00050	f	2017-12-06 00:41:52.049447
406	20171204063110	00071	f	\N
407	20171204063110	00087	f	\N
410	20171204063110	00014	f	\N
411	20171204063110	00094	f	\N
412	20171204063110	00018	f	\N
416	20171204063110	00027	f	\N
280	20171204015438	22222	f	\N
418	20171204063110	00079	f	\N
419	20171204063110	00150	f	\N
420	20171204063110	00191	f	\N
422	20171204063110	00096	f	\N
281	20171204015438	33333	f	\N
423	20171204063110	00103	f	\N
425	20171204063110	00035	f	\N
427	20171204063110	00039	f	\N
409	20171204063110	00009	t	2017-12-04 06:34:28.823899
59	20171122232732	00006	t	2017-12-04 06:35:07.021049
26	20171122232732	00071	f	\N
27	20171122232732	00087	f	\N
30	20171122232732	00014	f	\N
31	20171122232732	00094	f	\N
32	20171122232732	00018	f	\N
33	20171122232732	00044	f	\N
35	20171122232732	00017	f	\N
36	20171122232732	00027	f	\N
38	20171122232732	00079	f	\N
39	20171122232732	00150	f	\N
40	20171122232732	00191	f	\N
41	20171122232732	00007	f	\N
42	20171122232732	00096	f	\N
43	20171122232732	00103	f	\N
45	20171122232732	00035	f	\N
46	20171122232732	00074	f	\N
47	20171122232732	00039	f	\N
50	20171122232732	00054	f	\N
51	20171122232732	00101	f	\N
52	20171122232732	00124	f	\N
53	20171122232732	00012	f	\N
54	20171122232732	00015	f	\N
55	20171122232732	00064	f	\N
57	20171122232732	00065	f	\N
58	20171122232732	00117	f	\N
61	20171122232732	00049	f	\N
62	20171122232732	00004	f	\N
63	20171122232732	00098	f	\N
64	20171122232732	00126	f	\N
65	20171122232732	00010	f	\N
66	20171122232732	00026	f	\N
67	20171122232732	00034	f	\N
68	20171122232732	00060	f	\N
69	20171122232732	00080	f	\N
70	20171122232732	00151	f	\N
71	20171122232732	00005	f	\N
72	20171122232732	00088	f	\N
73	20171122232732	00100	f	\N
74	20171122232732	00059	f	\N
76	20171122232732	00250	f	\N
78	20171122232732	00083	f	\N
79	20171122232732	00146	f	\N
80	20171122232732	00032	f	\N
81	20171122232732	00070	f	\N
82	20171122232732	00110	f	\N
84	20171122232732	00180	f	\N
85	20171122232732	00253	f	\N
86	20171122232732	00037	f	\N
88	20171122232732	00045	f	\N
90	20171122232732	00057	f	\N
91	20171122232732	00097	f	\N
92	20171122232732	00069	f	\N
93	20171122232732	00075	f	\N
94	20171122232732	00131	f	\N
95	20171122232732	00052	f	\N
96	20171122232732	00063	f	\N
98	20171122232732	00036	f	\N
99	20171122232732	00073	f	\N
100	20171122232732	00106	f	\N
101	20171122232732	00137	f	\N
102	20171122232732	00177	f	\N
103	20171122232732	00188	f	\N
104	20171122232732	00013	f	\N
105	20171122232732	00025	f	\N
106	20171122232732	00134	f	\N
108	20171122232732	00078	f	\N
109	20171122232732	00122	f	\N
110	20171122232732	00016	f	\N
111	20171122232732	00023	f	\N
112	20171122232732	00118	f	\N
113	20171122232732	00082	f	\N
114	20171122232732	00127	f	\N
115	20171122232732	00132	f	\N
116	20171122232732	00011	f	\N
117	20171122232732	00033	f	\N
118	20171122232732	00067	f	\N
120	20171122232732	00051	f	\N
121	20171122232732	00081	f	\N
124	20171122232732	00022	f	\N
125	20171122232732	00001	f	\N
126	20171122232732	00024	f	\N
127	20171122232732	00046	f	\N
129	20171122232732	00055	f	\N
130	20171122232732	00173	f	\N
2032	20171206054920	00071	f	\N
2033	20171206054920	00087	f	\N
278	20171204015438	09332	t	2017-12-04 01:54:46.318031
282	20171204015438	44444	t	2017-12-04 01:58:45.783666
29	20171122232732	00009	t	2017-12-04 10:16:35.077165
413	20171204063110	00044	t	2017-12-04 21:30:49.453333
77	20171122232732	00043	t	\N
128	20171122232732	00008	t	2017-12-05 01:15:15.762482
283	20171204015438	55555	t	2017-12-05 04:48:47.040272
34	20171122232732	00058	t	2017-12-05 05:29:02.206126
421	20171204063110	00007	t	2017-12-05 15:30:34.226788
2034	20171206054920	00092	f	\N
2035	20171206054920	00009	f	\N
2036	20171206054920	00014	f	\N
2037	20171206054920	00094	f	\N
2038	20171206054920	00018	f	\N
2039	20171206054920	00044	f	\N
2040	20171206054920	00058	f	\N
2041	20171206054920	00017	f	\N
2042	20171206054920	00027	f	\N
2044	20171206054920	00079	f	\N
2045	20171206054920	00150	f	\N
2046	20171206054920	00191	f	\N
2047	20171206054920	00007	f	\N
2048	20171206054920	00096	f	\N
2049	20171206054920	00103	f	\N
2050	20171206054920	00021	f	\N
2051	20171206054920	00035	f	\N
133	20171122232732	00229	f	\N
134	20171122232732	00038	f	\N
135	20171122232732	00056	f	\N
136	20171122232732	00077	f	\N
137	20171122232732	00002	f	\N
138	20171122232732	00108	f	\N
139	20171122232732	00169	f	\N
141	20171122232732	11111	f	\N
142	20171122232732	22222	f	\N
143	20171122232732	33333	f	\N
145	20171122232732	55555	f	\N
140	20171122232732	09332	t	2017-11-22 23:27:43.069451
286	20171204040122	00071	f	\N
287	20171204040122	00087	f	\N
288	20171204040122	00092	f	\N
290	20171204040122	00014	f	\N
291	20171204040122	00094	f	\N
292	20171204040122	00018	f	\N
293	20171204040122	00044	f	\N
296	20171204040122	00027	f	\N
298	20171204040122	00079	f	\N
299	20171204040122	00150	f	\N
300	20171204040122	00191	f	\N
302	20171204040122	00096	f	\N
303	20171204040122	00103	f	\N
304	20171204040122	00021	f	\N
305	20171204040122	00035	f	\N
306	20171204040122	00074	f	\N
307	20171204040122	00039	f	\N
308	20171204040122	00102	f	\N
309	20171204040122	00145	f	\N
310	20171204040122	00054	f	\N
312	20171204040122	00124	f	\N
314	20171204040122	00015	f	\N
315	20171204040122	00064	f	\N
316	20171204040122	00003	f	\N
317	20171204040122	00065	f	\N
318	20171204040122	00117	f	\N
320	20171204040122	00028	f	\N
321	20171204040122	00049	f	\N
323	20171204040122	00098	f	\N
324	20171204040122	00126	f	\N
325	20171204040122	00010	f	\N
326	20171204040122	00026	f	\N
327	20171204040122	00034	f	\N
328	20171204040122	00060	f	\N
330	20171204040122	00151	f	\N
331	20171204040122	00005	f	\N
332	20171204040122	00088	f	\N
334	20171204040122	00059	f	\N
337	20171204040122	00043	f	\N
339	20171204040122	00146	f	\N
340	20171204040122	00032	f	\N
341	20171204040122	00070	f	\N
343	20171204040122	00138	f	\N
344	20171204040122	00180	f	\N
345	20171204040122	00253	f	\N
346	20171204040122	00037	f	\N
347	20171204040122	00042	f	\N
348	20171204040122	00045	f	\N
349	20171204040122	00053	f	\N
351	20171204040122	00097	f	\N
352	20171204040122	00069	f	\N
353	20171204040122	00075	f	\N
354	20171204040122	00131	f	\N
355	20171204040122	00052	f	\N
356	20171204040122	00063	f	\N
357	20171204040122	00066	f	\N
358	20171204040122	00036	f	\N
359	20171204040122	00073	f	\N
360	20171204040122	00106	f	\N
361	20171204040122	00137	f	\N
362	20171204040122	00177	f	\N
364	20171204040122	00013	f	\N
365	20171204040122	00025	f	\N
366	20171204040122	00134	f	\N
367	20171204040122	00031	f	\N
370	20171204040122	00016	f	\N
371	20171204040122	00023	f	\N
372	20171204040122	00118	f	\N
373	20171204040122	00082	f	\N
374	20171204040122	00127	f	\N
375	20171204040122	00132	f	\N
378	20171204040122	00067	f	\N
379	20171204040122	00029	f	\N
381	20171204040122	00081	f	\N
382	20171204040122	00019	f	\N
384	20171204040122	00022	f	\N
385	20171204040122	00001	f	\N
386	20171204040122	00024	f	\N
390	20171204040122	00173	f	\N
391	20171204040122	00030	f	\N
392	20171204040122	00224	f	\N
393	20171204040122	00229	f	\N
394	20171204040122	00038	f	\N
395	20171204040122	00056	f	\N
396	20171204040122	00077	f	\N
397	20171204040122	00002	f	\N
398	20171204040122	00108	f	\N
399	20171204040122	00169	f	\N
401	20171204040122	11111	f	\N
402	20171204040122	22222	f	\N
2052	20171206054920	00074	f	\N
405	20171204040122	55555	f	\N
400	20171204040122	09332	t	2017-12-04 04:01:27.100228
428	20171204063110	00102	f	\N
313	20171204040122	00012	t	2017-11-30 09:08:17.613008
336	20171204040122	00250	t	\N
279	20171204015438	11111	t	2017-12-04 01:56:32.0763
144	20171122232732	44444	t	2017-12-04 02:30:41.641493
389	20171204040122	00055	t	\N
388	20171204040122	00008	t	2017-12-05 01:15:18.846714
294	20171204040122	00058	t	2017-12-05 05:28:36.433597
301	20171204040122	00007	t	2017-12-05 15:34:39.186142
2053	20171206054920	00039	f	\N
2054	20171206054920	00102	f	\N
2055	20171206054920	00145	f	\N
2056	20171206054920	00054	f	\N
2057	20171206054920	00101	f	\N
2058	20171206054920	00124	f	\N
2059	20171206054920	00012	f	\N
2060	20171206054920	00015	f	\N
2061	20171206054920	00064	f	\N
2062	20171206054920	00003	f	\N
2063	20171206054920	00065	f	\N
2064	20171206054920	00117	f	\N
2065	20171206054920	00006	f	\N
2066	20171206054920	00028	f	\N
2067	20171206054920	00049	f	\N
2068	20171206054920	00004	f	\N
2069	20171206054920	00098	f	\N
429	20171204063110	00145	f	\N
430	20171204063110	00054	f	\N
431	20171204063110	00101	f	\N
432	20171204063110	00124	f	\N
433	20171204063110	00012	f	\N
435	20171204063110	00064	f	\N
437	20171204063110	00065	f	\N
438	20171204063110	00117	f	\N
440	20171204063110	00028	f	\N
441	20171204063110	00049	f	\N
443	20171204063110	00098	f	\N
444	20171204063110	00126	f	\N
447	20171204063110	00034	f	\N
448	20171204063110	00060	f	\N
449	20171204063110	00080	f	\N
450	20171204063110	00151	f	\N
451	20171204063110	00005	f	\N
453	20171204063110	00100	f	\N
454	20171204063110	00059	f	\N
455	20171204063110	00167	f	\N
458	20171204063110	00083	f	\N
459	20171204063110	00146	f	\N
460	20171204063110	00032	f	\N
461	20171204063110	00070	f	\N
462	20171204063110	00110	f	\N
463	20171204063110	00138	f	\N
464	20171204063110	00180	f	\N
465	20171204063110	00253	f	\N
466	20171204063110	00037	f	\N
467	20171204063110	00042	f	\N
468	20171204063110	00045	f	\N
469	20171204063110	00053	f	\N
470	20171204063110	00057	f	\N
472	20171204063110	00069	f	\N
473	20171204063110	00075	f	\N
474	20171204063110	00131	f	\N
475	20171204063110	00052	f	\N
478	20171204063110	00036	f	\N
479	20171204063110	00073	f	\N
480	20171204063110	00106	f	\N
482	20171204063110	00177	f	\N
483	20171204063110	00188	f	\N
484	20171204063110	00013	f	\N
485	20171204063110	00025	f	\N
486	20171204063110	00134	f	\N
487	20171204063110	00031	f	\N
489	20171204063110	00122	f	\N
490	20171204063110	00016	f	\N
491	20171204063110	00023	f	\N
492	20171204063110	00118	f	\N
493	20171204063110	00082	f	\N
494	20171204063110	00127	f	\N
495	20171204063110	00132	f	\N
496	20171204063110	00011	f	\N
498	20171204063110	00067	f	\N
501	20171204063110	00081	f	\N
502	20171204063110	00019	f	\N
503	20171204063110	00020	f	\N
504	20171204063110	00022	f	\N
507	20171204063110	00046	f	\N
510	20171204063110	00173	f	\N
511	20171204063110	00030	f	\N
512	20171204063110	00224	f	\N
514	20171204063110	00038	f	\N
515	20171204063110	00056	f	\N
519	20171204063110	00169	f	\N
523	20171204063110	33333	f	\N
520	20171204063110	09332	t	2017-12-04 06:31:16.271338
445	20171204063110	00010	t	2017-12-04 06:31:45.837474
446	20171204063110	00026	t	2017-12-04 06:34:13.473381
439	20171204063110	00006	t	2017-12-04 06:34:44.799696
319	20171204040122	00006	t	2017-12-04 06:35:03.414992
524	20171204063110	44444	t	2017-12-04 08:28:34.495345
517	20171204063110	00002	t	2017-12-04 08:30:47.282372
518	20171204063110	00108	t	2017-12-04 08:31:29.732973
526	20171129090014	00071	f	\N
530	20171129090014	00014	f	\N
532	20171129090014	00018	f	\N
533	20171129090014	00044	f	\N
535	20171129090014	00017	f	\N
536	20171129090014	00027	f	\N
538	20171129090014	00079	f	\N
539	20171129090014	00150	f	\N
540	20171129090014	00191	f	\N
542	20171129090014	00096	f	\N
543	20171129090014	00103	f	\N
544	20171129090014	00021	f	\N
546	20171129090014	00074	f	\N
547	20171129090014	00039	f	\N
548	20171129090014	00102	f	\N
549	20171129090014	00145	f	\N
550	20171129090014	00054	f	\N
552	20171129090014	00124	f	\N
554	20171129090014	00015	f	\N
555	20171129090014	00064	f	\N
529	20171129090014	00009	t	2017-11-30 09:06:54.531375
553	20171129090014	00012	t	2017-11-30 09:07:34.749788
505	20171204063110	00001	t	2017-12-04 21:19:54.689299
436	20171204063110	00003	t	2017-12-04 21:21:44.822423
442	20171204063110	00004	t	2017-12-04 21:21:56.722583
456	20171204063110	00250	t	2017-12-04 21:22:37.005031
497	20171204063110	00033	t	2017-12-04 21:30:46.388373
509	20171204063110	00055	t	2017-12-04 21:30:52.464063
477	20171204063110	00066	t	2017-12-04 21:30:55.58938
516	20171204063110	00077	t	2017-12-04 21:30:58.972848
452	20171204063110	00088	t	2017-12-04 21:31:02.091632
527	20171129090014	00087	t	\N
522	20171204063110	22222	t	\N
476	20171204063110	00063	t	\N
506	20171204063110	00024	t	\N
525	20171204063110	55555	t	2017-12-05 04:52:13.27242
534	20171129090014	00058	t	2017-12-05 05:28:30.959575
508	20171204063110	00008	t	2017-12-05 15:23:02.761443
541	20171129090014	00007	t	2017-12-05 15:30:26.445153
2070	20171206054920	00126	f	\N
2071	20171206054920	00010	f	\N
2072	20171206054920	00026	f	\N
2073	20171206054920	00034	f	\N
2074	20171206054920	00060	f	\N
2075	20171206054920	00080	f	\N
2076	20171206054920	00151	f	\N
2077	20171206054920	00005	f	\N
2078	20171206054920	00088	f	\N
2079	20171206054920	00100	f	\N
2080	20171206054920	00059	f	\N
2081	20171206054920	00167	f	\N
2082	20171206054920	00250	f	\N
2083	20171206054920	00043	f	\N
2084	20171206054920	00083	f	\N
556	20171129090014	00003	f	\N
557	20171129090014	00065	f	\N
558	20171129090014	00117	f	\N
559	20171129090014	00006	f	\N
560	20171129090014	00028	f	\N
561	20171129090014	00049	f	\N
563	20171129090014	00098	f	\N
564	20171129090014	00126	f	\N
565	20171129090014	00010	f	\N
566	20171129090014	00026	f	\N
567	20171129090014	00034	f	\N
568	20171129090014	00060	f	\N
569	20171129090014	00080	f	\N
570	20171129090014	00151	f	\N
571	20171129090014	00005	f	\N
572	20171129090014	00088	f	\N
573	20171129090014	00100	f	\N
574	20171129090014	00059	f	\N
575	20171129090014	00167	f	\N
576	20171129090014	00250	f	\N
577	20171129090014	00043	f	\N
578	20171129090014	00083	f	\N
579	20171129090014	00146	f	\N
580	20171129090014	00032	f	\N
581	20171129090014	00070	f	\N
582	20171129090014	00110	f	\N
584	20171129090014	00180	f	\N
585	20171129090014	00253	f	\N
586	20171129090014	00037	f	\N
587	20171129090014	00042	f	\N
588	20171129090014	00045	f	\N
589	20171129090014	00053	f	\N
590	20171129090014	00057	f	\N
591	20171129090014	00097	f	\N
592	20171129090014	00069	f	\N
593	20171129090014	00075	f	\N
594	20171129090014	00131	f	\N
595	20171129090014	00052	f	\N
596	20171129090014	00063	f	\N
597	20171129090014	00066	f	\N
598	20171129090014	00036	f	\N
601	20171129090014	00137	f	\N
602	20171129090014	00177	f	\N
603	20171129090014	00188	f	\N
604	20171129090014	00013	f	\N
605	20171129090014	00025	f	\N
606	20171129090014	00134	f	\N
607	20171129090014	00031	f	\N
608	20171129090014	00078	f	\N
609	20171129090014	00122	f	\N
610	20171129090014	00016	f	\N
612	20171129090014	00118	f	\N
613	20171129090014	00082	f	\N
614	20171129090014	00127	f	\N
616	20171129090014	00011	f	\N
617	20171129090014	00033	f	\N
618	20171129090014	00067	f	\N
619	20171129090014	00029	f	\N
620	20171129090014	00051	f	\N
622	20171129090014	00019	f	\N
624	20171129090014	00022	f	\N
626	20171129090014	00024	f	\N
627	20171129090014	00046	f	\N
629	20171129090014	00055	f	\N
630	20171129090014	00173	f	\N
631	20171129090014	00030	f	\N
632	20171129090014	00224	f	\N
634	20171129090014	00038	f	\N
635	20171129090014	00056	f	\N
636	20171129090014	00077	f	\N
637	20171129090014	00002	f	\N
638	20171129090014	00108	f	\N
639	20171129090014	00169	f	\N
642	20171129090014	22222	f	\N
643	20171129090014	33333	f	\N
644	20171129090014	44444	f	\N
645	20171129090014	55555	f	\N
640	20171129090014	09332	t	2017-12-04 09:00:31.465492
646	20171204095601	00071	f	\N
648	20171204095601	00092	f	\N
653	20171204095601	00044	f	\N
655	20171204095601	00017	f	\N
658	20171204095601	00079	f	\N
659	20171204095601	00150	f	\N
660	20171204095601	00191	f	\N
657	20171204095601	00050	f	2017-12-06 00:41:34.499211
662	20171204095601	00096	f	\N
663	20171204095601	00103	f	\N
664	20171204095601	00021	f	\N
665	20171204095601	00035	f	\N
666	20171204095601	00074	f	\N
667	20171204095601	00039	f	\N
668	20171204095601	00102	f	\N
669	20171204095601	00145	f	\N
670	20171204095601	00054	f	\N
671	20171204095601	00101	f	\N
672	20171204095601	00124	f	\N
675	20171204095601	00064	f	\N
677	20171204095601	00065	f	\N
678	20171204095601	00117	f	\N
680	20171204095601	00028	f	\N
681	20171204095601	00049	f	\N
683	20171204095601	00098	f	\N
684	20171204095601	00126	f	\N
686	20171204095601	00026	f	\N
687	20171204095601	00034	f	\N
688	20171204095601	00060	f	\N
689	20171204095601	00080	f	\N
690	20171204095601	00151	f	\N
641	20171129090014	11111	t	2017-12-04 19:52:16.046769
676	20171204095601	00003	t	2017-12-04 21:33:24.830943
682	20171204095601	00004	t	2017-12-04 21:33:28.164836
679	20171204095601	00006	t	2017-12-04 21:33:34.44699
625	20171129090014	00001	t	2017-12-04 22:28:09.471614
685	20171204095601	00010	t	2017-12-04 23:11:21.051768
673	20171204095601	00012	t	2017-12-04 23:11:27.322065
650	20171204095601	00014	t	2017-12-04 23:11:34.21944
674	20171204095601	00015	t	2017-12-04 23:11:37.193876
621	20171129090014	00081	t	\N
628	20171129090014	00008	t	2017-12-05 15:19:00.117814
692	20171204095601	00088	f	\N
693	20171204095601	00100	f	\N
694	20171204095601	00059	f	\N
695	20171204095601	00167	f	\N
696	20171204095601	00250	f	\N
697	20171204095601	00043	f	\N
698	20171204095601	00083	f	\N
699	20171204095601	00146	f	\N
700	20171204095601	00032	f	\N
702	20171204095601	00110	f	\N
703	20171204095601	00138	f	\N
704	20171204095601	00180	f	\N
705	20171204095601	00253	f	\N
707	20171204095601	00042	f	\N
708	20171204095601	00045	f	\N
709	20171204095601	00053	f	\N
710	20171204095601	00057	f	\N
711	20171204095601	00097	f	\N
712	20171204095601	00069	f	\N
713	20171204095601	00075	f	\N
714	20171204095601	00131	f	\N
715	20171204095601	00052	f	\N
716	20171204095601	00063	f	\N
717	20171204095601	00066	f	\N
719	20171204095601	00073	f	\N
720	20171204095601	00106	f	\N
721	20171204095601	00137	f	\N
722	20171204095601	00177	f	\N
723	20171204095601	00188	f	\N
725	20171204095601	00025	f	\N
729	20171204095601	00122	f	\N
730	20171204095601	00016	f	\N
731	20171204095601	00023	f	\N
732	20171204095601	00118	f	\N
733	20171204095601	00082	f	\N
734	20171204095601	00127	f	\N
735	20171204095601	00132	f	\N
737	20171204095601	00033	f	\N
738	20171204095601	00067	f	\N
739	20171204095601	00029	f	\N
740	20171204095601	00051	f	\N
741	20171204095601	00081	f	\N
743	20171204095601	00020	f	\N
744	20171204095601	00022	f	\N
746	20171204095601	00024	f	\N
747	20171204095601	00046	f	\N
749	20171204095601	00055	f	\N
750	20171204095601	00173	f	\N
751	20171204095601	00030	f	\N
752	20171204095601	00224	f	\N
753	20171204095601	00229	f	\N
754	20171204095601	00038	f	\N
755	20171204095601	00056	f	\N
756	20171204095601	00077	f	\N
759	20171204095601	00169	f	\N
762	20171204095601	22222	f	\N
764	20171204095601	44444	f	\N
760	20171204095601	09332	t	2017-12-04 10:11:14.417573
289	20171204040122	00009	t	2017-12-04 10:16:22.579204
649	20171204095601	00009	t	2017-12-04 10:19:08.240554
761	20171204095601	11111	t	2017-12-04 19:52:11.440763
424	20171204063110	00021	t	2017-12-04 21:30:00.419675
745	20171204095601	00001	t	2017-12-04 21:33:18.878477
757	20171204095601	00002	t	2017-12-04 21:33:21.926812
691	20171204095601	00005	t	2017-12-04 21:33:31.377834
661	20171204095601	00007	t	2017-12-04 21:33:37.814846
748	20171204095601	00008	t	2017-12-04 23:09:24.369108
736	20171204095601	00011	t	2017-12-04 23:11:24.34725
724	20171204095601	00013	t	2017-12-04 23:11:31.335074
758	20171204095601	00108	t	\N
726	20171204095601	00134	t	\N
408	20171204063110	00092	t	\N
701	20171204095601	00070	t	\N
651	20171204095601	00094	t	\N
727	20171204095601	00031	t	\N
562	20171129090014	00004	t	\N
48	20171122232732	00102	t	\N
403	20171204040122	33333	t	\N
600	20171129090014	00106	t	\N
599	20171129090014	00073	t	\N
89	20171122232732	00053	t	\N
633	20171129090014	00229	t	\N
107	20171122232732	00031	t	\N
333	20171204040122	00100	t	\N
338	20171204040122	00083	t	\N
551	20171129090014	00101	t	\N
60	20171122232732	00028	t	\N
56	20171122232732	00003	t	\N
415	20171204063110	00017	t	\N
611	20171129090014	00023	t	\N
623	20171129090014	00020	t	\N
528	20171129090014	00092	t	\N
488	20171204063110	00078	t	\N
87	20171122232732	00042	t	\N
369	20171204040122	00122	t	\N
545	20171129090014	00035	t	\N
765	20171204095601	55555	t	2017-12-05 04:48:30.313153
706	20171204095601	00037	t	\N
471	20171204063110	00097	t	\N
426	20171204063110	00074	t	\N
75	20171122232732	00167	t	\N
49	20171122232732	00145	t	\N
434	20171204063110	00015	t	\N
122	20171122232732	00019	t	\N
531	20171129090014	00094	t	\N
377	20171204040122	00033	t	\N
656	20171204095601	00027	t	\N
131	20171122232732	00030	t	\N
97	20171122232732	00066	t	\N
329	20171204040122	00080	t	\N
350	20171204040122	00057	t	\N
718	20171204095601	00036	t	\N
457	20171204063110	00043	t	\N
322	20171204040122	00004	t	\N
368	20171204040122	00078	t	\N
83	20171122232732	00138	t	\N
615	20171129090014	00132	t	\N
499	20171204063110	00029	t	\N
123	20171122232732	00020	t	\N
44	20171122232732	00021	t	\N
376	20171204040122	00011	t	\N
647	20171204095601	00087	t	2017-12-05 03:15:48.236499
763	20171204095601	33333	t	2017-12-05 04:45:49.802142
728	20171204095601	00078	t	2017-12-05 04:55:50.193321
654	20171204095601	00058	t	2017-12-05 05:28:20.101063
414	20171204063110	00058	t	2017-12-05 05:29:51.974924
742	20171204095601	00019	t	\N
119	20171122232732	00029	t	\N
295	20171204040122	00017	t	\N
383	20171204040122	00020	t	\N
342	20171204040122	00110	t	\N
335	20171204040122	00167	t	\N
481	20171204063110	00137	t	\N
380	20171204040122	00051	t	\N
404	20171204040122	44444	t	\N
387	20171204040122	00046	t	\N
132	20171122232732	00224	t	\N
311	20171204040122	00101	t	\N
583	20171129090014	00138	t	\N
363	20171204040122	00188	t	\N
652	20171204095601	00018	t	\N
28	20171122232732	00092	t	\N
513	20171204063110	00229	t	\N
500	20171204063110	00051	t	\N
2146	20171206054920	09332	t	2017-12-06 05:51:08.153085
2085	20171206054920	00146	f	\N
2086	20171206054920	00032	f	\N
2087	20171206054920	00070	f	\N
2088	20171206054920	00110	f	\N
2089	20171206054920	00138	f	\N
2090	20171206054920	00180	f	\N
2091	20171206054920	00253	f	\N
2092	20171206054920	00037	f	\N
2093	20171206054920	00042	f	\N
2094	20171206054920	00045	f	\N
2095	20171206054920	00053	f	\N
2096	20171206054920	00057	f	\N
2097	20171206054920	00097	f	\N
2098	20171206054920	00069	f	\N
2099	20171206054920	00075	f	\N
2100	20171206054920	00131	f	\N
2101	20171206054920	00052	f	\N
2102	20171206054920	00063	f	\N
2103	20171206054920	00066	f	\N
2104	20171206054920	00036	f	\N
2105	20171206054920	00073	f	\N
2106	20171206054920	00106	f	\N
2107	20171206054920	00137	f	\N
2108	20171206054920	00177	f	\N
2109	20171206054920	00188	f	\N
2110	20171206054920	00013	f	\N
2111	20171206054920	00025	f	\N
2112	20171206054920	00134	f	\N
2113	20171206054920	00031	f	\N
2114	20171206054920	00078	f	\N
2115	20171206054920	00122	f	\N
2116	20171206054920	00016	f	\N
2117	20171206054920	00023	f	\N
2118	20171206054920	00118	f	\N
2119	20171206054920	00082	f	\N
2120	20171206054920	00127	f	\N
2121	20171206054920	00132	f	\N
2122	20171206054920	00011	f	\N
2123	20171206054920	00033	f	\N
2124	20171206054920	00067	f	\N
2125	20171206054920	00029	f	\N
2126	20171206054920	00051	f	\N
2127	20171206054920	00081	f	\N
2128	20171206054920	00019	f	\N
2129	20171206054920	00020	f	\N
2130	20171206054920	00022	f	\N
2131	20171206054920	00001	f	\N
2132	20171206054920	00024	f	\N
2133	20171206054920	00046	f	\N
2134	20171206054920	00008	f	\N
2135	20171206054920	00055	f	\N
2136	20171206054920	00173	f	\N
2137	20171206054920	00030	f	\N
2138	20171206054920	00224	f	\N
2139	20171206054920	00229	f	\N
2140	20171206054920	00038	f	\N
2141	20171206054920	00056	f	\N
2142	20171206054920	00077	f	\N
2143	20171206054920	00002	f	\N
2144	20171206054920	00108	f	\N
2145	20171206054920	00169	f	\N
2147	20171206054920	11111	f	\N
2148	20171206054920	22222	f	\N
2149	20171206054920	33333	f	\N
2150	20171206054920	44444	f	\N
2151	20171206054920	55555	f	\N
2266	20171206095304	09332	t	2017-12-06 09:53:49.964233
537	20171129090014	00050	f	2017-12-06 00:41:38.792322
37	20171122232732	00050	f	2017-12-06 01:53:58.811269
297	20171204040122	00050	f	2017-12-06 01:00:22.237762
2263	20171206095304	00002	f	\N
2264	20171206095304	00108	f	\N
2265	20171206095304	00169	f	\N
2267	20171206095304	11111	f	\N
2268	20171206095304	22222	f	\N
2269	20171206095304	33333	f	\N
2270	20171206095304	44444	f	\N
2271	20171206095304	55555	f	\N
521	20171204063110	11111	t	2017-12-05 21:25:05.751655
2043	20171206054920	00050	f	2017-12-06 05:50:37.564365
2163	20171206095304	00050	f	2017-12-06 09:55:19.07444
2152	20171206095304	00071	f	\N
2153	20171206095304	00087	f	\N
2154	20171206095304	00092	f	\N
2155	20171206095304	00009	f	\N
2156	20171206095304	00014	f	\N
2157	20171206095304	00094	f	\N
2158	20171206095304	00018	f	\N
2159	20171206095304	00044	f	\N
2160	20171206095304	00058	f	\N
2161	20171206095304	00017	f	\N
2162	20171206095304	00027	f	\N
2164	20171206095304	00079	f	\N
2165	20171206095304	00150	f	\N
2166	20171206095304	00191	f	\N
2167	20171206095304	00007	f	\N
2168	20171206095304	00096	f	\N
2169	20171206095304	00103	f	\N
2170	20171206095304	00021	f	\N
2171	20171206095304	00035	f	\N
2172	20171206095304	00074	f	\N
2173	20171206095304	00039	f	\N
2174	20171206095304	00102	f	\N
2175	20171206095304	00145	f	\N
2176	20171206095304	00054	f	\N
2177	20171206095304	00101	f	\N
2178	20171206095304	00124	f	\N
2179	20171206095304	00012	f	\N
2180	20171206095304	00015	f	\N
2181	20171206095304	00064	f	\N
2182	20171206095304	00003	f	\N
2183	20171206095304	00065	f	\N
2184	20171206095304	00117	f	\N
2185	20171206095304	00006	f	\N
2186	20171206095304	00028	f	\N
2187	20171206095304	00049	f	\N
2188	20171206095304	00004	f	\N
2189	20171206095304	00098	f	\N
2190	20171206095304	00126	f	\N
2191	20171206095304	00010	f	\N
2192	20171206095304	00026	f	\N
2193	20171206095304	00034	f	\N
2194	20171206095304	00060	f	\N
2195	20171206095304	00080	f	\N
2196	20171206095304	00151	f	\N
2197	20171206095304	00005	f	\N
2198	20171206095304	00088	f	\N
2199	20171206095304	00100	f	\N
2200	20171206095304	00059	f	\N
2201	20171206095304	00167	f	\N
2202	20171206095304	00250	f	\N
2203	20171206095304	00043	f	\N
2204	20171206095304	00083	f	\N
2205	20171206095304	00146	f	\N
2206	20171206095304	00032	f	\N
2207	20171206095304	00070	f	\N
2208	20171206095304	00110	f	\N
2209	20171206095304	00138	f	\N
2210	20171206095304	00180	f	\N
2211	20171206095304	00253	f	\N
2212	20171206095304	00037	f	\N
2213	20171206095304	00042	f	\N
2214	20171206095304	00045	f	\N
2215	20171206095304	00053	f	\N
2216	20171206095304	00057	f	\N
2217	20171206095304	00097	f	\N
2218	20171206095304	00069	f	\N
2219	20171206095304	00075	f	\N
2220	20171206095304	00131	f	\N
2221	20171206095304	00052	f	\N
2222	20171206095304	00063	f	\N
2223	20171206095304	00066	f	\N
2224	20171206095304	00036	f	\N
2225	20171206095304	00073	f	\N
2226	20171206095304	00106	f	\N
2227	20171206095304	00137	f	\N
2228	20171206095304	00177	f	\N
2229	20171206095304	00188	f	\N
2230	20171206095304	00013	f	\N
2231	20171206095304	00025	f	\N
2232	20171206095304	00134	f	\N
2233	20171206095304	00031	f	\N
2234	20171206095304	00078	f	\N
2235	20171206095304	00122	f	\N
2236	20171206095304	00016	f	\N
2237	20171206095304	00023	f	\N
2238	20171206095304	00118	f	\N
2239	20171206095304	00082	f	\N
2240	20171206095304	00127	f	\N
2241	20171206095304	00132	f	\N
2242	20171206095304	00011	f	\N
2243	20171206095304	00033	f	\N
2244	20171206095304	00067	f	\N
2245	20171206095304	00029	f	\N
2246	20171206095304	00051	f	\N
2247	20171206095304	00081	f	\N
2248	20171206095304	00019	f	\N
2249	20171206095304	00020	f	\N
2250	20171206095304	00022	f	\N
2251	20171206095304	00001	f	\N
2252	20171206095304	00024	f	\N
2253	20171206095304	00046	f	\N
2254	20171206095304	00008	f	\N
2255	20171206095304	00055	f	\N
2256	20171206095304	00173	f	\N
2257	20171206095304	00030	f	\N
2258	20171206095304	00224	f	\N
2259	20171206095304	00229	f	\N
2260	20171206095304	00038	f	\N
2261	20171206095304	00056	f	\N
2262	20171206095304	00077	f	\N
\.


--
-- Name: assigned_posts_assigned_post_id_seq; Type: SEQUENCE SET; Schema: public; Owner: vagrant
--

SELECT pg_catalog.setval('assigned_posts_assigned_post_id_seq', 2271, true);


--
-- Data for Name: categories; Type: TABLE DATA; Schema: public; Owner: vagrant
--

COPY categories (cat_id, name) FROM stdin;
mis	Miscellaneous
mar	Marketing
opr	Operations
mds	Markdowns
vix	Visual Merchandising
evt	Events
pro	Promotions
hrp	Human Resources/Payroll
\.


--
-- Data for Name: districts; Type: TABLE DATA; Schema: public; Owner: vagrant
--

COPY districts (district_id, name) FROM stdin;
D05	Southeast
D04	Northeast
D03	Midwest
D02	Southwest
D01	Northwest
D99	Corporate HQ
\.


--
-- Data for Name: employees; Type: TABLE DATA; Schema: public; Owner: vagrant
--

COPY employees (emp_id, fname, lname, ssn, password, store_id, pos_id) FROM stdin;
00001	Suzanne	Moore	626-46-7126	jjjj	051	02-AM
00002	Kelly	Graves	265-65-9477	jjjj	056	02-AM
00003	Stephen	Moss	852-52-5104	jjjj	021	02-AM
00004	Darlene	Young	411-22-5684	jjjj	024	02-AM
00005	Linda	Jones	315-22-3307	jjjj	028	02-AM
00006	Kimberly	Graham	092-26-4264	jjjj	023	02-AM
00007	Andrew	Morgan	566-97-6008	jjjj	011	02-AM
00008	Rachel	Medina	833-83-4323	jjjj	052	02-AM
00009	Ann	Barrett	767-72-6254	jjjj	003	02-AM
00010	Andrew	Oneill	572-80-2103	jjjj	025	02-AM
00011	Richard	Cooper	217-71-6168	jjjj	045	02-AM
00012	Martin	Williams	586-79-9815	jjjj	020	02-AM
00013	William	Mcconnell	811-36-7174	jjjj	040	02-AM
00014	Charles	Walker	006-36-0038	jjjj	003	02-AM
00015	Jeffrey	Roberts	364-42-8612	jjjj	020	02-AM
00016	Marcus	Castillo	567-34-0269	jjjj	042	02-AM
00017	Kimberly	Adams	068-05-9242	jjjj	007	02-AM
00018	David	Higgins	196-53-3300	jjjj	006	02-AM
00019	Sara	Gonzalez	715-39-9953	jjjj	049	02-AM
00020	Jake	Hall	788-95-9984	jjjj	049	02-AM
00021	Jacob	Wilkinson	525-13-0359	jjjj	012	02-AM
00022	Michelle	Smith	341-10-1964	jjjj	049	01-SM
00023	Margaret	Hughes	524-02-5542	jjjj	042	02-AM
00024	Stephen	Walters	108-61-5237	jjjj	051	02-AM
00025	David	Brady	050-51-0951	jjjj	040	02-AM
00026	Larry	Kaiser	779-69-7668	jjjj	025	02-AM
00027	Tommy	Phillips	453-63-4780	jjjj	007	02-AM
00028	David	Graham	306-25-1462	jjjj	023	02-AM
00029	Courtney	Wood	569-52-3147	jjjj	047	02-AM
00030	Tyler	Hanson	287-83-1611	jjjj	054	02-AM
00031	Selena	Ferguson	281-40-0905	jjjj	041	02-AM
00032	Joe	Rangel	198-68-1114	jjjj	032	02-AM
00033	Dawn	Adams	232-07-8951	jjjj	045	02-AM
00034	Ariel	Morris	804-08-1333	jjjj	025	01-SM
00035	Sarah	Hernandez	256-95-2356	jjjj	012	02-AM
00036	Jose	Thomas	419-29-9950	jjjj	038	02-AM
00037	Frances	Larsen	234-86-4032	jjjj	034	02-AM
00038	Tiffany	George	593-97-9730	jjjj	055	02-AM
00039	Heidi	Brown	347-03-0555	jjjj	016	02-AM
00040	Jillian	Lewis	244-22-5946	jjjj	049	03-SS
00041	Margaret	Harris	312-42-7675	jjjj	049	03-SS
00042	Alexandra	Robertson	776-11-0402	jjjj	034	02-AM
00043	Maria	Patel	610-95-9654	jjjj	030	02-AM
00044	Kimberly	Hall	539-90-9704	jjjj	006	02-AM
00045	Steven	Graves	723-60-3123	jjjj	034	01-SM
00046	Timothy	Martinez	284-25-4728	jjjj	051	01-SM
00047	Melanie	Watson	259-75-2818	jjjj	049	03-SS
00048	Dakota	Medina	361-57-3946	jjjj	025	03-SS
00049	Sharon	Hamilton	417-64-3189	jjjj	023	01-SM
00050	Stephen	Walker	211-87-4434	jjjj	007	01-SM
00051	David	Howard	664-21-5867	jjjj	047	02-AM
00052	Jason	Wallace	379-74-7050	jjjj	037	02-AM
00053	Robert	Higgins	150-68-8055	jjjj	035	02-AM
00054	Mitchell	Brown	772-62-5157	jjjj	018	02-AM
00055	Christian	Powers	817-28-8506	jjjj	052	02-AM
00056	Eric	Salazar	702-72-0932	jjjj	055	02-AM
00057	Andrew	Carroll	870-72-5671	jjjj	035	02-AM
00058	Lisa	Gonzalez	015-92-7644	jjjj	006	01-SM
00059	Wendy	Jones	437-12-2412	jjjj	029	02-AM
00060	Christopher	Adams	080-76-8811	jjjj	027	02-AM
00061	Tammy	Gonzales	381-41-2332	jjjj	007	03-SS
00062	John	Ramirez	566-99-0235	jjjj	006	03-SS
00063	Michael	Brennan	884-50-4962	jjjj	037	02-AM
00064	Kenneth	Murray	635-54-4007	jjjj	020	01-SM
00065	Brandon	Petersen	561-51-3405	jjjj	021	02-AM
00066	Tracy	Kim	502-91-9425	jjjj	037	01-SM
00067	David	Vazquez	706-74-3539	jjjj	045	01-SM
00068	Monica	Ramos	115-49-6511	jjjj	034	03-SS
00069	Lauren	Wall	658-39-5683	jjjj	036	02-AM
00070	Sheila	Heath	855-98-5997	jjjj	032	02-AM
00071	Eric	Green	895-86-4302	jjjj	001	02-AM
00072	Joseph	Carter	145-34-7324	jjjj	023	03-SS
00073	Jesse	Taylor	869-47-6349	jjjj	038	02-AM
00074	Richard	Michael	852-76-5772	jjjj	012	01-SM
00075	Benjamin	Alvarez	283-31-8232	jjjj	036	02-AM
00076	David	Jones	083-53-3343	jjjj	006	03-SS
00077	Jeffrey	Wallace	431-34-4929	jjjj	055	01-SM
00078	Dylan	Rhodes	303-05-5953	jjjj	041	02-AM
00079	Kevin	Mccarty	136-23-5713	jjjj	010	02-AM
00080	Nina	Jenkins	659-72-7661	jjjj	027	02-AM
00081	Hunter	Friedman	020-11-2197	jjjj	047	01-SM
00082	Joshua	Proctor	002-66-3772	jjjj	044	02-AM
00083	Tiffany	Richard	142-53-4688	jjjj	030	02-AM
00084	John	Turner	307-17-6412	jjjj	045	03-SS
00085	Eric	Jones	178-95-5946	jjjj	012	03-SS
00086	Cameron	Stafford	177-10-1363	jjjj	055	03-SS
00087	Daniel	Cabrera	586-30-1927	jjjj	001	02-AM
00088	Stephen	Scott	803-52-3381	jjjj	028	02-AM
00089	Michelle	Salazar	502-25-8739	jjjj	051	03-SS
00090	Gregory	Vargas	104-66-6982	jjjj	051	03-SS
00091	Albert	Sims	149-18-6680	jjjj	049	03-SS
00092	Diane	Reed	862-06-7708	jjjj	001	01-SM
00093	Bryan	Evans	201-59-1116	jjjj	001	03-SS
00094	Linda	Chen	250-63-5357	jjjj	003	01-SM
00095	Margaret	Hess	013-61-9725	jjjj	006	03-SS
00096	April	Hall	472-49-4454	jjjj	011	02-AM
00097	Tyler	Butler	527-53-8392	jjjj	035	01-SM
00098	Michelle	Simon	513-48-8403	jjjj	024	02-AM
00099	Brian	Scott	116-71-1243	jjjj	047	03-SS
00100	Michael	Patel	150-71-8286	jjjj	028	01-SM
00101	Dustin	Estrada	557-96-2794	jjjj	018	02-AM
00102	Tiffany	Santiago	157-87-4288	jjjj	016	02-AM
00103	Cynthia	Erickson	554-08-4007	jjjj	011	01-SM
00104	Anne	Barnett	388-62-0920	jjjj	003	03-SS
00105	Jimmy	Harmon	600-66-8700	jjjj	035	03-SS
00106	Whitney	Bailey	636-29-2121	jjjj	038	01-SM
00107	Christina	Mckinney	558-29-4719	jjjj	003	03-SS
00108	Patricia	Peters	197-84-0041	jjjj	056	02-AM
00109	Joel	Ware	059-93-8658	jjjj	006	03-SS
00110	April	Frazier	705-54-5072	jjjj	032	01-SM
00111	Sarah	Ramos	528-61-9762	jjjj	034	03-SS
00112	Brenda	Mora	623-19-0957	jjjj	038	03-SS
00113	Sabrina	Lewis	254-29-0079	jjjj	038	03-SS
00114	Daniel	Hensley	522-47-6380	jjjj	001	03-SS
00115	Danielle	Riddle	210-22-6138	jjjj	034	03-SS
00116	Amy	Mason	618-30-4741	jjjj	012	03-SS
00117	Billy	Stokes	271-97-9039	jjjj	021	01-SM
00118	Jennifer	Nguyen	064-05-1212	jjjj	042	01-SM
00119	Rodney	Bullock	757-20-0614	jjjj	007	03-SS
00120	John	Navarro	093-91-9621	jjjj	045	03-SS
00121	Jacqueline	Browning	829-35-3932	jjjj	032	03-SS
00122	Kristen	Foster	759-17-8001	jjjj	041	01-SM
00123	Kimberly	Acosta	791-04-9466	jjjj	034	03-SS
00124	Mark	Miller	450-60-7419	jjjj	018	01-SM
00125	Samantha	Cole	290-80-4553	jjjj	018	03-SS
00126	Lisa	Peters	196-85-1818	jjjj	024	01-SM
00127	Shawn	Phillips	436-54-3592	jjjj	044	02-AM
00128	Isaac	Chang	740-33-3795	jjjj	041	03-SS
00129	Rebecca	Jackson	663-89-6719	jjjj	011	03-SS
00130	Frank	Guerra	758-72-3040	jjjj	041	03-SS
00131	Teresa	Patel	060-99-1548	jjjj	036	01-SM
00132	Thomas	Ellis	828-72-3857	jjjj	044	01-SM
00133	Cheryl	Mclaughlin	248-03-4228	jjjj	041	03-SS
00134	Marcia	Morales	544-33-6975	jjjj	040	01-SM
00135	Gina	Powell	603-17-1783	jjjj	024	03-SS
00136	April	Frey	072-23-6309	jjjj	003	03-SS
00137	Andrea	Montoya	134-23-3461	jjjj	039	02-AM
00138	Steven	Nelson	348-49-1345	jjjj	033	02-AM
00139	Luis	Tyler	358-99-8487	jjjj	037	03-SS
00140	Terri	Nichols	686-85-4414	jjjj	023	03-SS
00141	Benjamin	Young	328-52-6702	jjjj	044	03-SS
00142	Brittany	Berry	331-80-9987	jjjj	001	03-SS
00143	Crystal	Hughes	280-96-8654	jjjj	018	03-SS
00144	Scott	Rogers	235-47-9985	jjjj	034	03-SS
00145	Francisco	Young	695-49-4551	jjjj	016	01-SM
00146	Sheila	Jimenez	788-43-1806	jjjj	030	01-SM
00147	Willie	Cook	034-54-6014	jjjj	049	03-SS
00148	Clayton	Stevens	170-32-7104	jjjj	028	03-SS
00149	Francisco	Harris	726-22-3643	jjjj	037	03-SS
00150	Vanessa	Garcia	284-78-4583	jjjj	010	02-AM
00151	Robert	Mckenzie	106-43-5445	jjjj	027	01-SM
00152	John	Chen	127-59-2567	jjjj	025	03-SS
00153	William	Carroll	765-22-3916	jjjj	001	03-SS
00154	James	Taylor	707-57-8126	jjjj	020	03-SS
00155	Suzanne	Wright	632-13-3444	jjjj	012	03-SS
00156	Tiffany	Moore	300-65-6499	jjjj	012	03-SS
00157	Jessica	Allison	055-16-1732	jjjj	012	03-SS
00158	Roberto	Smith	752-27-7384	jjjj	003	03-SS
00159	Tyler	Johnson	745-23-1110	jjjj	001	03-SS
00160	Kimberly	Edwards	018-07-5980	jjjj	028	03-SS
00161	Jennifer	Salazar	524-89-8326	jjjj	038	03-SS
00162	Lisa	Franco	140-92-9080	jjjj	045	03-SS
00163	Joseph	Vazquez	040-95-2487	jjjj	036	03-SS
00164	Brittney	Alexander	273-30-4031	jjjj	032	03-SS
00165	Danielle	Boyer	052-91-1101	jjjj	024	03-SS
00166	Michael	Olsen	598-84-8525	jjjj	021	03-SS
00167	Lori	Anderson	605-84-7630	jjjj	029	02-AM
00168	Kathleen	Palmer	078-30-9955	jjjj	012	03-SS
00169	Keith	Navarro	243-49-3557	jjjj	056	01-SM
00170	Timothy	Munoz	255-76-2433	jjjj	030	03-SS
00171	Lisa	Barber	426-09-1271	jjjj	041	03-SS
00172	Gina	Hubbard	345-77-7718	jjjj	012	03-SS
00173	Thomas	Myers	061-36-7808	jjjj	052	01-SM
00174	Rebecca	Gutierrez	080-27-3959	jjjj	032	03-SS
00175	Fernando	Henderson	642-03-2113	jjjj	027	03-SS
00176	Benjamin	Galvan	447-01-0010	jjjj	042	03-SS
00177	Joseph	Reyes	329-53-2377	jjjj	039	02-AM
00178	Cathy	Morrison	290-31-4341	jjjj	056	03-SS
00179	Aaron	Huang	636-02-5066	jjjj	044	03-SS
00180	Heather	Mcmahon	214-61-7769	jjjj	033	02-AM
00181	Todd	Rodgers	626-68-9035	jjjj	030	03-SS
00182	Ashley	Cortez	101-86-9396	jjjj	016	03-SS
00183	Charles	Rangel	427-22-0163	jjjj	025	03-SS
00184	Richard	Henderson	712-34-0300	jjjj	055	03-SS
00185	Bryan	Sanchez	330-66-5414	jjjj	038	03-SS
00186	David	Black	891-91-4275	jjjj	025	03-SS
00187	Don	Hoffman	244-62-2864	jjjj	018	03-SS
00188	Cheryl	Johnson	614-91-1461	jjjj	039	01-SM
00189	Amanda	Cobb	190-62-4554	jjjj	001	03-SS
00190	Megan	Macias	656-07-2935	jjjj	035	03-SS
00191	Phillip	Johnson	490-11-7670	jjjj	010	01-SM
00192	Sharon	Barnett	464-49-0972	jjjj	003	03-SS
00193	Sara	Thomas	542-56-3176	jjjj	047	03-SS
00194	Craig	Crane	635-61-8877	jjjj	038	03-SS
00195	Michael	Mcdonald	376-37-7179	jjjj	003	03-SS
00196	Charles	Morrow	536-01-2244	jjjj	034	03-SS
00197	Robert	Koch	697-47-6408	jjjj	016	03-SS
00198	Dylan	Jackson	118-13-0273	jjjj	027	03-SS
00199	Pamela	Wood	597-11-7716	jjjj	049	03-SS
00200	Samantha	Branch	149-12-6494	jjjj	036	03-SS
00201	Steven	May	193-66-4692	jjjj	049	03-SS
00202	Jason	Bryant	685-95-4057	jjjj	051	03-SS
00203	Lawrence	Montgomery	715-14-4913	jjjj	055	03-SS
00204	Jake	Hansen	789-72-8216	jjjj	042	03-SS
00205	Travis	Gould	269-95-2208	jjjj	039	03-SS
00206	Frances	Martinez	467-56-4085	jjjj	044	03-SS
00207	Carla	Klein	290-80-6195	jjjj	023	03-SS
00208	Peter	Mckenzie	097-86-8592	jjjj	003	03-SS
00209	Patricia	Berry	184-27-7653	jjjj	012	03-SS
00210	Michael	Bishop	090-09-9802	jjjj	047	03-SS
00211	Todd	Neal	677-71-5510	jjjj	003	03-SS
00212	Thomas	Hardy	380-43-4619	jjjj	020	03-SS
00213	David	Gonzalez	675-82-6911	jjjj	039	03-SS
00214	Gina	Miller	112-22-6315	jjjj	055	03-SS
00215	Keith	Anderson	185-77-7866	jjjj	055	03-SS
00216	Scott	Richardson	548-01-4208	jjjj	056	03-SS
00217	Renee	Tate	213-97-1303	jjjj	007	03-SS
00218	Thomas	Mullins	396-40-8207	jjjj	037	03-SS
00219	Erica	Cantu	422-19-7368	jjjj	042	03-SS
00220	Shannon	Farrell	072-77-5532	jjjj	032	03-SS
00221	Trevor	Howell	474-60-5138	jjjj	038	03-SS
00222	Cynthia	Hale	607-04-1022	jjjj	010	03-SS
00223	Cheryl	Reynolds	290-21-6383	jjjj	001	03-SS
00224	Joseph	Harris	793-14-1349	jjjj	054	02-AM
00225	Marissa	Li	001-10-7438	jjjj	042	03-SS
00226	Robert	Peterson	055-92-2439	jjjj	036	03-SS
00227	Brianna	Jackson	316-35-3310	jjjj	016	03-SS
00228	Bryan	Cruz	229-83-5431	jjjj	011	03-SS
00229	Aaron	Evans	650-43-1497	jjjj	054	01-SM
00230	Jacob	Booth	663-29-3055	jjjj	040	03-SS
00231	Vincent	Bray	658-14-5616	jjjj	055	03-SS
00232	Timothy	Flynn	590-79-5386	jjjj	001	03-SS
00233	James	Wood	014-44-5236	jjjj	041	03-SS
00234	Daniel	Wallace	844-44-2135	jjjj	040	03-SS
00235	Larry	Ramos	826-53-7232	jjjj	035	03-SS
00236	James	Ford	468-51-5652	jjjj	028	03-SS
00237	Danielle	Chase	480-60-5949	jjjj	037	03-SS
00238	Terri	Vaughn	784-93-6116	jjjj	020	03-SS
00239	Edward	Moore	644-01-6582	jjjj	047	03-SS
00240	Rebecca	Price	644-75-3900	jjjj	047	03-SS
00241	George	Jensen	516-35-8780	jjjj	032	03-SS
00242	Justin	Thomas	716-57-1019	jjjj	051	03-SS
00243	Fernando	Freeman	466-88-3384	jjjj	016	03-SS
00244	William	Clark	682-01-8224	jjjj	036	03-SS
00245	Carrie	Cardenas	628-21-0564	jjjj	032	03-SS
00246	Nancy	Martinez	783-55-8759	jjjj	032	03-SS
00247	Laura	Hoffman	778-82-6448	jjjj	047	03-SS
00248	Jeremy	Walker	388-76-7891	jjjj	052	03-SS
00249	Patricia	Brown	187-87-0087	jjjj	037	03-SS
00250	John	Williams	576-89-7755	jjjj	029	01-SM
00251	William	Rich	740-78-9763	jjjj	037	03-SS
00252	Andrew	Olson	525-14-7718	jjjj	039	03-SS
00253	Jessica	Ortiz	180-37-2086	jjjj	033	01-SM
00254	Don	Perez	313-98-4492	jjjj	032	03-SS
00255	Jennifer	Valentine	444-56-2829	jjjj	041	03-SS
00256	Michelle	Cantrell	384-74-0733	jjjj	038	03-SS
00257	Amber	Ward	430-64-8288	jjjj	029	03-SS
00258	Jeffrey	Williams	689-17-1868	jjjj	012	03-SS
00259	Maria	Blake	768-83-9040	jjjj	037	03-SS
00260	Christopher	Mata	616-82-1712	jjjj	027	03-SS
00261	Nicholas	Murphy	296-11-7938	jjjj	055	03-SS
00262	Sandy	Burgess	344-36-2525	jjjj	024	03-SS
00263	Collin	Malone	824-62-7287	jjjj	047	03-SS
00264	Joshua	May	652-18-0399	jjjj	056	03-SS
00265	Steven	Dyer	868-20-4353	jjjj	033	03-SS
00266	Joanna	Cohen	058-10-3118	jjjj	006	03-SS
00267	Melissa	Lane	792-83-9209	jjjj	033	03-SS
00268	Sean	Green	273-01-7011	jjjj	030	03-SS
00269	Alice	Jordan	316-59-1187	jjjj	023	03-SS
00270	Judy	Harrington	773-85-6391	jjjj	012	03-SS
00271	Erika	Padilla	667-29-4066	jjjj	033	03-SS
00272	Christina	Espinoza	098-69-7586	jjjj	036	03-SS
00273	Shirley	Stephens	231-34-1282	jjjj	007	03-SS
00274	Michael	Taylor	262-82-7586	jjjj	023	03-SS
00275	Megan	Carter	137-79-9921	jjjj	041	03-SS
00276	April	Flores	830-21-6449	jjjj	054	03-SS
00277	Amanda	Wood	803-33-7235	jjjj	010	03-SS
00278	Teresa	Barnett	322-50-9743	jjjj	044	03-SS
00279	Jenny	George	746-34-8421	jjjj	003	03-SS
00280	Madeline	Reed	445-24-4505	jjjj	034	03-SS
00281	Cynthia	Watkins	892-76-1214	jjjj	028	03-SS
00282	Deborah	Perez	357-35-4094	jjjj	025	03-SS
00283	Christopher	Lucas	380-26-6619	jjjj	030	03-SS
00284	Jamie	Ramos	594-77-5672	jjjj	029	03-SS
00285	Kevin	Carter	619-99-0608	jjjj	024	03-SS
00286	Lisa	Baker	195-12-1151	jjjj	012	03-SS
00287	Gregory	Yang	147-57-7341	jjjj	001	03-SS
00288	Sara	Leon	239-22-7678	jjjj	038	03-SS
00289	John	Daugherty	897-73-4614	jjjj	030	03-SS
00290	Robert	Byrd	747-36-5697	jjjj	032	03-SS
00291	Jason	Mays	740-71-9588	jjjj	036	03-SS
00292	Christopher	Collins	515-59-1690	jjjj	036	03-SS
00293	Ashley	Porter	454-07-4095	jjjj	028	03-SS
00294	Robert	Shaw	827-71-8225	jjjj	006	03-SS
00295	Vanessa	Jensen	570-91-7894	jjjj	047	03-SS
00296	Eric	Hernandez	482-82-4423	jjjj	056	03-SS
00297	Carolyn	Ellis	802-02-0149	jjjj	028	03-SS
00298	Nicholas	Lee	467-72-3242	jjjj	054	03-SS
00299	Aaron	Riley	256-96-8299	jjjj	056	03-SS
00300	John	Turner	763-78-5891	jjjj	055	03-SS
09332	Nancy	Reyes	123-45-6789	f	999	99-HQ
11111	Nidhi	Sharma	544-88-3043	f	999	10-DM
22222	Erin	Cusick	440-42-1338	f	999	10-DM
33333	Anjou	Ahlborn-Kay	008-01-1011	f	999	10-DM
44444	Courtney	Cohan	540-24-2558	f	999	10-DM
55555	Michelle	Masoumi	017-05-3582	f	999	10-DM
\.


--
-- Data for Name: events; Type: TABLE DATA; Schema: public; Owner: vagrant
--

COPY events (event_id, "desc", date, store_id) FROM stdin;
1	Thanksgiving Day	2017-11-23 00:00:00	001
2	Thanksgiving Day	2017-11-23 00:00:00	003
3	Thanksgiving Day	2017-11-23 00:00:00	006
4	Thanksgiving Day	2017-11-23 00:00:00	007
5	Thanksgiving Day	2017-11-23 00:00:00	010
6	Thanksgiving Day	2017-11-23 00:00:00	011
7	Thanksgiving Day	2017-11-23 00:00:00	012
8	Thanksgiving Day	2017-11-23 00:00:00	016
9	Thanksgiving Day	2017-11-23 00:00:00	018
10	Thanksgiving Day	2017-11-23 00:00:00	020
11	Thanksgiving Day	2017-11-23 00:00:00	021
12	Thanksgiving Day	2017-11-23 00:00:00	023
13	Thanksgiving Day	2017-11-23 00:00:00	024
14	Thanksgiving Day	2017-11-23 00:00:00	025
15	Thanksgiving Day	2017-11-23 00:00:00	027
16	Thanksgiving Day	2017-11-23 00:00:00	028
17	Thanksgiving Day	2017-11-23 00:00:00	029
18	Thanksgiving Day	2017-11-23 00:00:00	030
19	Thanksgiving Day	2017-11-23 00:00:00	032
20	Thanksgiving Day	2017-11-23 00:00:00	033
21	Thanksgiving Day	2017-11-23 00:00:00	034
22	Thanksgiving Day	2017-11-23 00:00:00	035
23	Thanksgiving Day	2017-11-23 00:00:00	036
24	Thanksgiving Day	2017-11-23 00:00:00	037
25	Thanksgiving Day	2017-11-23 00:00:00	038
26	Thanksgiving Day	2017-11-23 00:00:00	039
27	Thanksgiving Day	2017-11-23 00:00:00	040
28	Thanksgiving Day	2017-11-23 00:00:00	041
29	Thanksgiving Day	2017-11-23 00:00:00	042
30	Thanksgiving Day	2017-11-23 00:00:00	044
31	Thanksgiving Day	2017-11-23 00:00:00	045
32	Thanksgiving Day	2017-11-23 00:00:00	047
33	Thanksgiving Day	2017-11-23 00:00:00	049
34	Thanksgiving Day	2017-11-23 00:00:00	051
35	Thanksgiving Day	2017-11-23 00:00:00	052
36	Thanksgiving Day	2017-11-23 00:00:00	054
37	Thanksgiving Day	2017-11-23 00:00:00	055
38	Thanksgiving Day	2017-11-23 00:00:00	056
39	Thanksgiving Day	2017-11-23 00:00:00	999
40	Black Friday	2017-11-24 00:00:00	001
41	Black Friday	2017-11-24 00:00:00	003
42	Black Friday	2017-11-24 00:00:00	006
43	Black Friday	2017-11-24 00:00:00	007
44	Black Friday	2017-11-24 00:00:00	010
45	Black Friday	2017-11-24 00:00:00	011
46	Black Friday	2017-11-24 00:00:00	012
47	Black Friday	2017-11-24 00:00:00	016
48	Black Friday	2017-11-24 00:00:00	018
49	Black Friday	2017-11-24 00:00:00	020
50	Black Friday	2017-11-24 00:00:00	021
51	Black Friday	2017-11-24 00:00:00	023
52	Black Friday	2017-11-24 00:00:00	024
53	Black Friday	2017-11-24 00:00:00	025
54	Black Friday	2017-11-24 00:00:00	027
55	Black Friday	2017-11-24 00:00:00	028
56	Black Friday	2017-11-24 00:00:00	029
57	Black Friday	2017-11-24 00:00:00	030
58	Black Friday	2017-11-24 00:00:00	032
59	Black Friday	2017-11-24 00:00:00	033
60	Black Friday	2017-11-24 00:00:00	034
61	Black Friday	2017-11-24 00:00:00	035
62	Black Friday	2017-11-24 00:00:00	036
63	Black Friday	2017-11-24 00:00:00	037
64	Black Friday	2017-11-24 00:00:00	038
65	Black Friday	2017-11-24 00:00:00	039
66	Black Friday	2017-11-24 00:00:00	040
67	Black Friday	2017-11-24 00:00:00	041
68	Black Friday	2017-11-24 00:00:00	042
69	Black Friday	2017-11-24 00:00:00	044
70	Black Friday	2017-11-24 00:00:00	045
71	Black Friday	2017-11-24 00:00:00	047
72	Black Friday	2017-11-24 00:00:00	049
73	Black Friday	2017-11-24 00:00:00	051
74	Black Friday	2017-11-24 00:00:00	052
75	Black Friday	2017-11-24 00:00:00	054
76	Black Friday	2017-11-24 00:00:00	055
77	Black Friday	2017-11-24 00:00:00	056
78	Black Friday	2017-11-24 00:00:00	999
100	Let it Snow promo begins	2017-12-05 00:00:00	001
101	Let it Snow promo begins	2017-12-05 00:00:00	003
102	Let it Snow promo begins	2017-12-05 00:00:00	006
103	Let it Snow promo begins	2017-12-05 00:00:00	007
104	Let it Snow promo begins	2017-12-05 00:00:00	010
105	Let it Snow promo begins	2017-12-05 00:00:00	011
106	Let it Snow promo begins	2017-12-05 00:00:00	012
107	Let it Snow promo begins	2017-12-05 00:00:00	016
108	Let it Snow promo begins	2017-12-05 00:00:00	018
109	Let it Snow promo begins	2017-12-05 00:00:00	020
110	Let it Snow promo begins	2017-12-05 00:00:00	021
111	Let it Snow promo begins	2017-12-05 00:00:00	023
112	Let it Snow promo begins	2017-12-05 00:00:00	024
113	Let it Snow promo begins	2017-12-05 00:00:00	025
114	Let it Snow promo begins	2017-12-05 00:00:00	027
115	Let it Snow promo begins	2017-12-05 00:00:00	028
116	Let it Snow promo begins	2017-12-05 00:00:00	029
117	Let it Snow promo begins	2017-12-05 00:00:00	030
118	Let it Snow promo begins	2017-12-05 00:00:00	032
119	Let it Snow promo begins	2017-12-05 00:00:00	033
120	Let it Snow promo begins	2017-12-05 00:00:00	034
121	Let it Snow promo begins	2017-12-05 00:00:00	035
122	Let it Snow promo begins	2017-12-05 00:00:00	036
123	Let it Snow promo begins	2017-12-05 00:00:00	037
124	Let it Snow promo begins	2017-12-05 00:00:00	038
125	Let it Snow promo begins	2017-12-05 00:00:00	039
126	Let it Snow promo begins	2017-12-05 00:00:00	040
127	Let it Snow promo begins	2017-12-05 00:00:00	041
128	Let it Snow promo begins	2017-12-05 00:00:00	042
129	Let it Snow promo begins	2017-12-05 00:00:00	044
130	Let it Snow promo begins	2017-12-05 00:00:00	045
131	Let it Snow promo begins	2017-12-05 00:00:00	047
132	Let it Snow promo begins	2017-12-05 00:00:00	049
133	Let it Snow promo begins	2017-12-05 00:00:00	051
134	Let it Snow promo begins	2017-12-05 00:00:00	052
135	Let it Snow promo begins	2017-12-05 00:00:00	054
136	Let it Snow promo begins	2017-12-05 00:00:00	055
137	Let it Snow promo begins	2017-12-05 00:00:00	056
138	Let it Snow promo begins	2017-12-05 00:00:00	999
139	Let it Snow promo ends	2017-12-08 00:00:00	001
140	Let it Snow promo ends	2017-12-08 00:00:00	003
141	Let it Snow promo ends	2017-12-08 00:00:00	006
142	Let it Snow promo ends	2017-12-08 00:00:00	007
143	Let it Snow promo ends	2017-12-08 00:00:00	010
144	Let it Snow promo ends	2017-12-08 00:00:00	011
145	Let it Snow promo ends	2017-12-08 00:00:00	012
146	Let it Snow promo ends	2017-12-08 00:00:00	016
147	Let it Snow promo ends	2017-12-08 00:00:00	018
148	Let it Snow promo ends	2017-12-08 00:00:00	020
149	Let it Snow promo ends	2017-12-08 00:00:00	021
150	Let it Snow promo ends	2017-12-08 00:00:00	023
151	Let it Snow promo ends	2017-12-08 00:00:00	024
152	Let it Snow promo ends	2017-12-08 00:00:00	025
153	Let it Snow promo ends	2017-12-08 00:00:00	027
154	Let it Snow promo ends	2017-12-08 00:00:00	028
155	Let it Snow promo ends	2017-12-08 00:00:00	029
156	Let it Snow promo ends	2017-12-08 00:00:00	030
157	Let it Snow promo ends	2017-12-08 00:00:00	032
158	Let it Snow promo ends	2017-12-08 00:00:00	033
159	Let it Snow promo ends	2017-12-08 00:00:00	034
160	Let it Snow promo ends	2017-12-08 00:00:00	035
161	Let it Snow promo ends	2017-12-08 00:00:00	036
162	Let it Snow promo ends	2017-12-08 00:00:00	037
163	Let it Snow promo ends	2017-12-08 00:00:00	038
164	Let it Snow promo ends	2017-12-08 00:00:00	039
165	Let it Snow promo ends	2017-12-08 00:00:00	040
166	Let it Snow promo ends	2017-12-08 00:00:00	041
167	Let it Snow promo ends	2017-12-08 00:00:00	042
168	Let it Snow promo ends	2017-12-08 00:00:00	044
169	Let it Snow promo ends	2017-12-08 00:00:00	045
170	Let it Snow promo ends	2017-12-08 00:00:00	047
171	Let it Snow promo ends	2017-12-08 00:00:00	049
172	Let it Snow promo ends	2017-12-08 00:00:00	051
173	Let it Snow promo ends	2017-12-08 00:00:00	052
174	Let it Snow promo ends	2017-12-08 00:00:00	054
175	Let it Snow promo ends	2017-12-08 00:00:00	055
176	Let it Snow promo ends	2017-12-08 00:00:00	056
177	Let it Snow promo ends	2017-12-08 00:00:00	999
178	Holiday Contest Begins	2017-12-03 00:00:00	001
179	Holiday Contest Begins	2017-12-03 00:00:00	003
180	Holiday Contest Begins	2017-12-03 00:00:00	006
181	Holiday Contest Begins	2017-12-03 00:00:00	007
182	Holiday Contest Begins	2017-12-03 00:00:00	010
183	Holiday Contest Begins	2017-12-03 00:00:00	011
184	Holiday Contest Begins	2017-12-03 00:00:00	012
185	Holiday Contest Begins	2017-12-03 00:00:00	016
186	Holiday Contest Begins	2017-12-03 00:00:00	018
187	Holiday Contest Begins	2017-12-03 00:00:00	020
188	Holiday Contest Begins	2017-12-03 00:00:00	021
189	Holiday Contest Begins	2017-12-03 00:00:00	023
190	Holiday Contest Begins	2017-12-03 00:00:00	024
191	Holiday Contest Begins	2017-12-03 00:00:00	025
192	Holiday Contest Begins	2017-12-03 00:00:00	027
193	Holiday Contest Begins	2017-12-03 00:00:00	028
194	Holiday Contest Begins	2017-12-03 00:00:00	029
195	Holiday Contest Begins	2017-12-03 00:00:00	030
196	Holiday Contest Begins	2017-12-03 00:00:00	032
197	Holiday Contest Begins	2017-12-03 00:00:00	033
198	Holiday Contest Begins	2017-12-03 00:00:00	034
199	Holiday Contest Begins	2017-12-03 00:00:00	035
200	Holiday Contest Begins	2017-12-03 00:00:00	036
201	Holiday Contest Begins	2017-12-03 00:00:00	037
202	Holiday Contest Begins	2017-12-03 00:00:00	038
203	Holiday Contest Begins	2017-12-03 00:00:00	039
204	Holiday Contest Begins	2017-12-03 00:00:00	040
205	Holiday Contest Begins	2017-12-03 00:00:00	041
206	Holiday Contest Begins	2017-12-03 00:00:00	042
207	Holiday Contest Begins	2017-12-03 00:00:00	044
208	Holiday Contest Begins	2017-12-03 00:00:00	045
209	Holiday Contest Begins	2017-12-03 00:00:00	047
210	Holiday Contest Begins	2017-12-03 00:00:00	049
211	Holiday Contest Begins	2017-12-03 00:00:00	051
212	Holiday Contest Begins	2017-12-03 00:00:00	052
213	Holiday Contest Begins	2017-12-03 00:00:00	054
214	Holiday Contest Begins	2017-12-03 00:00:00	055
215	Holiday Contest Begins	2017-12-03 00:00:00	056
216	Holiday Contest Begins	2017-12-03 00:00:00	999
217	Vacation Blackout Begins	2017-12-10 00:00:00	001
218	Vacation Blackout Begins	2017-12-10 00:00:00	003
219	Vacation Blackout Begins	2017-12-10 00:00:00	006
220	Vacation Blackout Begins	2017-12-10 00:00:00	007
221	Vacation Blackout Begins	2017-12-10 00:00:00	010
222	Vacation Blackout Begins	2017-12-10 00:00:00	011
223	Vacation Blackout Begins	2017-12-10 00:00:00	012
224	Vacation Blackout Begins	2017-12-10 00:00:00	016
225	Vacation Blackout Begins	2017-12-10 00:00:00	018
226	Vacation Blackout Begins	2017-12-10 00:00:00	020
227	Vacation Blackout Begins	2017-12-10 00:00:00	021
228	Vacation Blackout Begins	2017-12-10 00:00:00	023
229	Vacation Blackout Begins	2017-12-10 00:00:00	024
230	Vacation Blackout Begins	2017-12-10 00:00:00	025
231	Vacation Blackout Begins	2017-12-10 00:00:00	027
232	Vacation Blackout Begins	2017-12-10 00:00:00	028
233	Vacation Blackout Begins	2017-12-10 00:00:00	029
234	Vacation Blackout Begins	2017-12-10 00:00:00	030
235	Vacation Blackout Begins	2017-12-10 00:00:00	032
236	Vacation Blackout Begins	2017-12-10 00:00:00	033
237	Vacation Blackout Begins	2017-12-10 00:00:00	034
238	Vacation Blackout Begins	2017-12-10 00:00:00	035
239	Vacation Blackout Begins	2017-12-10 00:00:00	036
240	Vacation Blackout Begins	2017-12-10 00:00:00	037
241	Vacation Blackout Begins	2017-12-10 00:00:00	038
242	Vacation Blackout Begins	2017-12-10 00:00:00	039
243	Vacation Blackout Begins	2017-12-10 00:00:00	040
244	Vacation Blackout Begins	2017-12-10 00:00:00	041
245	Vacation Blackout Begins	2017-12-10 00:00:00	042
246	Vacation Blackout Begins	2017-12-10 00:00:00	044
247	Vacation Blackout Begins	2017-12-10 00:00:00	045
248	Vacation Blackout Begins	2017-12-10 00:00:00	047
249	Vacation Blackout Begins	2017-12-10 00:00:00	049
250	Vacation Blackout Begins	2017-12-10 00:00:00	051
251	Vacation Blackout Begins	2017-12-10 00:00:00	052
252	Vacation Blackout Begins	2017-12-10 00:00:00	054
253	Vacation Blackout Begins	2017-12-10 00:00:00	055
254	Vacation Blackout Begins	2017-12-10 00:00:00	056
255	Vacation Blackout Begins	2017-12-10 00:00:00	999
\.


--
-- Name: events_event_id_seq; Type: SEQUENCE SET; Schema: public; Owner: vagrant
--

SELECT pg_catalog.setval('events_event_id_seq', 333, true);


--
-- Data for Name: positions; Type: TABLE DATA; Schema: public; Owner: vagrant
--

COPY positions (pos_id, title) FROM stdin;
02-AM	Assistant Manager
10-DM	District Manager
01-SM	Store Manager
03-SS	Sales Associate
99-HQ	Corporate Admin
\.


--
-- Data for Name: posts; Type: TABLE DATA; Schema: public; Owner: vagrant
--

COPY posts (post_id, title, date, text, emp_id, cat_id, pdf_url) FROM stdin;
20171122232732	Welcome to Storenet	2017-11-22 23:27:32.027561	Lorem ipsum dolor sit amet, consectetur adipiscing elit. In tincidunt fermentum hendrerit. Nulla ex neque, finibus quis risus vel, accumsan aliquet ipsum. Proin lacus diam, sagittis quis risus ac, vehicula porttitor sem. Aenean vestibulum pulvinar dolor ac scelerisque. Etiam vitae dictum orci. Cras venenatis tristique efficitur. Proin vulputate pretium ex vitae semper. Vestibulum ante ipsum primis in faucibus orci luctus et ultrices posuere cubilia Curae; Donec vitae sapien sit amet justo mollis luctus non nec dolor. Quisque semper orci nec nunc vehicula, nec semper odio accumsan. Quisque finibus metus lectus, id lacinia mauris pharetra nec. Duis id lobortis massa.\r\n\r\n	09332	opr	\N
20171204015438	Markdowns for week 48	2017-12-04 01:54:38.684992	Mauris pellentesque tempor diam vitae ullamcorper. Vivamus interdum, orci eu viverra elementum, ligula nibh dapibus est, vel condimentum dui orci sed nisi. In et nunc lorem. Pellentesque consectetur est vel lacus varius tristique. Duis at tristique metus. Mauris ultricies risus diam, eu lobortis erat viverra viverra. In hac habitasse platea dictumst.	09332	mds	/static/pdf/2017.12.03_Markdowns_for_week_48.pdf
20171204040122	Discount Code Abuse	2017-12-04 04:01:22.294133	Nunc aliquam dui id quam pulvinar, id cursus mauris volutpat. Aliquam sem eros, imperdiet nec sagittis in, blandit vitae ante. Pellentesque habitant morbi tristique senectus et netus et malesuada fames ac turpis egestas. Proin cursus interdum nibh. Mauris congue eros at lacinia dictum. Curabitur id maximus felis. Proin id turpis ut sapien congue dictum in in orci. Curabitur posuere ornare ligula nec viverra. Praesent semper sapien nec nisi feugiat, id suscipit enim rutrum. Nulla vel massa leo. Nullam elementum ante et enim aliquet, dapibus consectetur velit tristique.	09332	hrp	\N
20171129090014	Post Black Friday Survey	2017-11-29 09:00:14.115879	Nam ullamcorper mollis dui, at sollicitudin neque malesuada et. Nunc ut semper sapien. Nulla at imperdiet libero, vitae tristique nisi. Donec turpis ligula, pulvinar a porta aliquam, convallis sed lectus. Nam leo eros, pharetra ut orci a, euismod congue ex. Morbi massa nisi, posuere in aliquet lobortis, blandit non quam. Sed euismod rutrum lacinia. Suspendisse sagittis eleifend metus sed dapibus. Duis sem enim, pellentesque a eros eget, dapibus suscipit sem. Donec tincidunt congue dolor, sed dignissim mauris venenatis eu. Suspendisse rutrum luctus est ut pulvinar. Sed venenatis lorem nunc, eu sollicitudin tortor tristique nec.	09332	opr	\N
20171204095601	Holiday Hours Update	2017-12-04 09:56:01.043014	Morbi pellentesque in urna id pellentesque. Nulla sodales dolor eu dolor volutpat, in hendrerit enim feugiat. Donec varius felis laoreet, pharetra diam eget, tristique tellus. Fusce eu ante accumsan libero laoreet egestas. Donec elementum vitae nisi nec tincidunt. Phasellus non lacus eu sem egestas condimentum. Ut eget erat ac risus venenatis pretium.\r\n\r\nEtiam sed felis tellus. Nulla facilisi. Praesent dictum nisl sagittis velit ornare, non sodales ligula vestibulum. Aliquam rutrum mi eu vulputate ornare. Nulla et ex eu magna elementum venenatis a sit amet magna. Ut a elit nec dui fermentum dictum. Integer commodo enim ut dolor feugiat, non tempor lectus pulvinar. Vestibulum a risus ligula.	09332	opr	\N
20171204063110	Return to Vendor - Polka Dot Dress	2017-12-04 06:31:10.266866	Nunc aliquam dui id quam pulvinar, id cursus mauris volutpat. Aliquam sem eros, imperdiet nec sagittis in, blandit vitae ante. Pellentesque habitant morbi tristique senectus et netus et malesuada fames ac turpis egestas. \r\n\r\nProin cursus interdum nibh. Mauris congue eros at lacinia dictum. Curabitur id maximus felis. Proin id turpis ut sapien congue dictum in in orci. Curabitur posuere ornare ligula nec viverra. Praesent semper sapien nec nisi feugiat, id suscipit enim rutrum. Nulla vel massa leo. Nullam elementum ante et enim aliquet, dapibus consectetur velit tristique.\r\n\r\n	09332	opr	\N
20171205221444	TEST	2017-12-05 22:14:44.208489	;oj;kj;lkj;	09332	mis	\N
20171206054920	Urgent Window Change	2017-12-06 05:49:20.115713	Lorem ipsum dolor sit amet, consectetur adipiscing elit. Donec non pellentesque tellus, et porta risus. Integer sodales eros at justo tristique, at ullamcorper lectus eleifend. Nullam dictum cursus accumsan. Proin volutpat felis a odio tristique, quis ultrices turpis aliquet. Etiam sed rutrum quam. In hac habitasse platea dictumst. Nam ut orci nec augue euismod auctor id a lorem. Nullam ultrices venenatis pretium. Vestibulum nec tempus dolor.\r\n\r\nQuisque porttitor pulvinar erat sit amet sagittis. Vivamus et sapien eget magna venenatis ullamcorper. Nam sit amet hendrerit neque, at suscipit eros. Sed molestie, ante eu lobortis tincidunt, quam sapien accumsan lectus, non feugiat ante sem ut augue. Nam efficitur urna in sapien dignissim convallis. Fusce ipsum nulla, efficitur viverra convallis et, ultricies nec tortor. Pellentesque eros tortor, pulvinar at pulvinar quis, consequat dapibus sem. Sed vel justo sed risus gravida viverra ac ut neque. Nullam at gravida lectus, ut suscipit augue. Phasellus commodo diam sem, nec lobortis orci fringilla ut. Aenean mollis vel ex sed molestie. Sed tortor erat, pharetra vitae mollis eget, interdum sit amet nunc. Vestibulum at arcu eget dui viverra iaculis. Sed et magna in nisl maximus venenatis.	09332	vix	/static/pdf/URGENT_Window_Change.pdf
20171206095304	Markdowns for week 48	2017-12-06 09:53:04.716668	Lorem ipsum dolor sit amet, consectetur adipiscing elit. Integer ac magna neque. Lorem ipsum dolor sit amet, consectetur adipiscing elit. Nullam laoreet ornare elit, at hendrerit dolor. Morbi pulvinar vitae arcu nec ullamcorper. Aliquam porttitor ex erat, vel dictum diam vehicula id. Nam scelerisque quam sed lacinia pharetra. Etiam id massa tortor.\r\n\r\n	09332	mds	/static/pdf/URGENT_Window_Change.pdf
\.


--
-- Data for Name: stores; Type: TABLE DATA; Schema: public; Owner: vagrant
--

COPY stores (store_id, name, address, city, state, zipcode, phone, district_id) FROM stdin;
006	San Francisco Centre	865 Market St. #232	San Francisco	CA	94103	415-543-2323	D03
007	Arden Fair	1689 Arden Way #1066	Sacramento	CA	95815	916-920-2323	D01
010	Sherman Oaks Galleria	14006 Riverside Dr. #23	Sherman Oaks	CA	91423	818-906-2323	D03
011	Brea	1104A Brea Mall	Brea	CA	92821	714-529-2323	D01
012	Newport Fashion Island	811 Newport Center Dr.	Newport Beach	CA	92660	949-719-2323	D01
016	Scottsdale Fashion Square	7014 E Camelback Rd. #1124	Scottsdale	AZ	85251	480-421-1444	D03
018	Forum Shops at Ceasers	3500 S Las Vegas Blvd. #G19	Las Vegas	NV	89109	702-735-8885	D05
020	Topanga Plaza	6600 Topanga Canyon Blvd. #1080	Canoga Park	CA	91303	818-712-6924	D05
021	Somerset Collection	2801 Big Beaver Rd. #C121	Troy	MI	48084	248-643-1910	D01
023	The Gardens Mall	3103 PGA Blvd. #F-121	Palm Beach Gardens	FL	33410	561-622-2323	D03
025	Fashion Centre at Pentagon City	100 S Hayes St. #S9	Arlington	VA	22202	703-415-2323	D03
027	Roosevelt Field	630 Old County Rd. #2040	Garden City	NY	11530	516-877-2323	D05
028	Glendale Galleria	2105 Glendale Galleria	Glendale	CA	91210	818-551-0887	D01
029	MainPlace	2800 N Main St. #344	Santa Ana	CA	92705	714-543-2323	D04
030	South Bay Galleria	1815 S Hawthorne Blvd. #134	Redondo Beach	CA	90278	310-370-5353	D01
032	Fifth Avenue	100 Fifth Ave.	New York	NY	10011	212-675-2323	D03
033	Northbrook Court	2108 Northbrook Ct.	Northbrook	IL	60062	847-509-8080	D01
034	Hillsdale	108 Hillsdale Mall #1386	San Mateo	CA	94403	650-574-1234	D04
035	Aventura	19575 Biscayne Blvd. #221	Miami	FL	33180	305-692-4573	D04
036	Houston Galleria	5015 Westheimer Rd. #2370	Houston	TX	77056	713-622-2113	D03
037	Twelve Oaks	27918 Novi Rd.	Novi	MI	48377	248-305-5900	D03
039	Kenwood Towne Centre	7875 Montogomery Rd. #R-25	Cincinnati	OH	45236	513-891-5588	D03
041	Natick	1245 Worcester St. #1052	Natick	MA	01760	508-647-1802	D05
047	Cumberland Mall	1215 Cumberland Mall	Atlanta	GA	30339	770-319-8118	D05
051	Montgomery Mall 	7101 Democracy Blvd. #1232	Bethesda	MD	20817	301-469-0174	D04
052	Annapolis	1852 Annapolis Mall #1472	Annapolis	MD	21401	410-224-3032	D01
054	Brandon Town Center	904 Brandon Town Center Mall 	Brandon	FL	33511	813-653-2923	D01
055	Southpark	4400 Sharon Rd. #E13A	Charlotte	NC	28211	704-442-0052	D05
056	Burlington	75 Middlesex Turnpike	Burlington	MA	01803	781-272-9501	D01
999	Corporate Headquarters	400 Valley Drive	Brisbane	CA	94005	(415) 555-1234	D99
038	Dallas Galleria	13350 Dallas Pkwy. #1345	Dallas	TX	75240	972-490-7336	D03
040	Town Center at Boca Raton	6000 Glades Rd. #1081	Boca Raton	FL	33431	561-362-9797	D05
045	Galleria at Fort Lauderdale	2460 E Sunrise Blvd.	Fort Lauderdale	FL	33304	954-563-3030	D02
001	Union Street	2095 Union St.	San Francisco	CA	94123	415-563-2323	D02
003	Valley Fair	2855 Stevens Creek Blvd. #1117	Santa Clara	CA	95050	408-615-6700	D02
024	Phipps Plaza	3500 Peachtree Rd. NE #A10	Atlanta	GA	30326	404-261-8345	D02
044	Keystone at the Crossing	8702 Keystone Crossing #1080A	Indianapolis	IN	46240	317-844-7230	D02
042	Beverly Center	8500 Beverly Rd. #615	Los Angeles	CA	90048	310-360-7330	D02
049	Ala Moana Center	1450 Ala Moana Blvd. #2021	Honolulu	HI	96814	808-946-2323	D02
\.


--
-- Data for Name: tasks; Type: TABLE DATA; Schema: public; Owner: vagrant
--

COPY tasks (task_id, post_id, store_id, emp_id, "desc", assigned_date, deadline, is_complete, complete_date) FROM stdin;
336	20171206054920	001	\N	Complete Window Change	2017-12-06 05:49:20.115713	2017-12-07 00:00:00	f	\N
59	20171204063110	030	00181	Complete Jessica Dress RTV	2017-12-04 06:31:10.266866	2017-12-09 00:00:00	t	2017-12-05 05:20:02.75209
47	20171204063110	011	00007	Complete Jessica Dress RTV	2017-12-04 06:31:10.266866	2017-12-09 00:00:00	f	\N
337	20171206054920	003	\N	Complete Window Change	2017-12-06 05:49:20.115713	2017-12-07 00:00:00	f	\N
338	20171206054920	006	\N	Complete Window Change	2017-12-06 05:49:20.115713	2017-12-07 00:00:00	f	\N
340	20171206054920	010	\N	Complete Window Change	2017-12-06 05:49:20.115713	2017-12-07 00:00:00	f	\N
341	20171206054920	011	\N	Complete Window Change	2017-12-06 05:49:20.115713	2017-12-07 00:00:00	f	\N
342	20171206054920	012	\N	Complete Window Change	2017-12-06 05:49:20.115713	2017-12-07 00:00:00	f	\N
343	20171206054920	016	\N	Complete Window Change	2017-12-06 05:49:20.115713	2017-12-07 00:00:00	f	\N
344	20171206054920	018	\N	Complete Window Change	2017-12-06 05:49:20.115713	2017-12-07 00:00:00	f	\N
345	20171206054920	020	\N	Complete Window Change	2017-12-06 05:49:20.115713	2017-12-07 00:00:00	f	\N
346	20171206054920	021	\N	Complete Window Change	2017-12-06 05:49:20.115713	2017-12-07 00:00:00	f	\N
347	20171206054920	023	\N	Complete Window Change	2017-12-06 05:49:20.115713	2017-12-07 00:00:00	f	\N
348	20171206054920	024	\N	Complete Window Change	2017-12-06 05:49:20.115713	2017-12-07 00:00:00	f	\N
349	20171206054920	025	\N	Complete Window Change	2017-12-06 05:49:20.115713	2017-12-07 00:00:00	f	\N
350	20171206054920	027	\N	Complete Window Change	2017-12-06 05:49:20.115713	2017-12-07 00:00:00	f	\N
351	20171206054920	028	\N	Complete Window Change	2017-12-06 05:49:20.115713	2017-12-07 00:00:00	f	\N
352	20171206054920	029	\N	Complete Window Change	2017-12-06 05:49:20.115713	2017-12-07 00:00:00	f	\N
353	20171206054920	030	\N	Complete Window Change	2017-12-06 05:49:20.115713	2017-12-07 00:00:00	f	\N
354	20171206054920	032	\N	Complete Window Change	2017-12-06 05:49:20.115713	2017-12-07 00:00:00	f	\N
355	20171206054920	033	\N	Complete Window Change	2017-12-06 05:49:20.115713	2017-12-07 00:00:00	f	\N
356	20171206054920	034	\N	Complete Window Change	2017-12-06 05:49:20.115713	2017-12-07 00:00:00	f	\N
357	20171206054920	035	\N	Complete Window Change	2017-12-06 05:49:20.115713	2017-12-07 00:00:00	f	\N
358	20171206054920	036	\N	Complete Window Change	2017-12-06 05:49:20.115713	2017-12-07 00:00:00	f	\N
359	20171206054920	037	\N	Complete Window Change	2017-12-06 05:49:20.115713	2017-12-07 00:00:00	f	\N
360	20171206054920	038	\N	Complete Window Change	2017-12-06 05:49:20.115713	2017-12-07 00:00:00	f	\N
361	20171206054920	039	\N	Complete Window Change	2017-12-06 05:49:20.115713	2017-12-07 00:00:00	f	\N
362	20171206054920	040	\N	Complete Window Change	2017-12-06 05:49:20.115713	2017-12-07 00:00:00	f	\N
363	20171206054920	041	\N	Complete Window Change	2017-12-06 05:49:20.115713	2017-12-07 00:00:00	f	\N
364	20171206054920	042	\N	Complete Window Change	2017-12-06 05:49:20.115713	2017-12-07 00:00:00	f	\N
365	20171206054920	044	\N	Complete Window Change	2017-12-06 05:49:20.115713	2017-12-07 00:00:00	f	\N
366	20171206054920	045	\N	Complete Window Change	2017-12-06 05:49:20.115713	2017-12-07 00:00:00	f	\N
367	20171206054920	047	\N	Complete Window Change	2017-12-06 05:49:20.115713	2017-12-07 00:00:00	f	\N
368	20171206054920	049	\N	Complete Window Change	2017-12-06 05:49:20.115713	2017-12-07 00:00:00	f	\N
369	20171206054920	051	\N	Complete Window Change	2017-12-06 05:49:20.115713	2017-12-07 00:00:00	f	\N
370	20171206054920	052	\N	Complete Window Change	2017-12-06 05:49:20.115713	2017-12-07 00:00:00	f	\N
371	20171206054920	054	\N	Complete Window Change	2017-12-06 05:49:20.115713	2017-12-07 00:00:00	f	\N
372	20171206054920	055	\N	Complete Window Change	2017-12-06 05:49:20.115713	2017-12-07 00:00:00	f	\N
373	20171206054920	056	\N	Complete Window Change	2017-12-06 05:49:20.115713	2017-12-07 00:00:00	f	\N
374	20171206054920	999	\N	Complete Window Change	2017-12-06 05:49:20.115713	2017-12-07 00:00:00	f	\N
397	20171206095304	036	\N	Markdowns Due	2017-12-06 09:53:04.716668	2017-12-14 00:00:00	f	\N
398	20171206095304	037	\N	Markdowns Due	2017-12-06 09:53:04.716668	2017-12-14 00:00:00	f	\N
42	20171204063110	001	\N	Complete Jessica Dress RTV	2017-12-04 06:31:10.266866	2017-12-09 00:00:00	f	\N
43	20171204063110	003	\N	Complete Jessica Dress RTV	2017-12-04 06:31:10.266866	2017-12-09 00:00:00	f	\N
48	20171204063110	012	\N	Complete Jessica Dress RTV	2017-12-04 06:31:10.266866	2017-12-09 00:00:00	f	\N
50	20171204063110	018	\N	Complete Jessica Dress RTV	2017-12-04 06:31:10.266866	2017-12-09 00:00:00	f	\N
54	20171204063110	024	\N	Complete Jessica Dress RTV	2017-12-04 06:31:10.266866	2017-12-09 00:00:00	f	\N
56	20171204063110	027	\N	Complete Jessica Dress RTV	2017-12-04 06:31:10.266866	2017-12-09 00:00:00	f	\N
58	20171204063110	029	\N	Complete Jessica Dress RTV	2017-12-04 06:31:10.266866	2017-12-09 00:00:00	f	\N
60	20171204063110	032	\N	Complete Jessica Dress RTV	2017-12-04 06:31:10.266866	2017-12-09 00:00:00	f	\N
62	20171204063110	034	\N	Complete Jessica Dress RTV	2017-12-04 06:31:10.266866	2017-12-09 00:00:00	f	\N
64	20171204063110	036	\N	Complete Jessica Dress RTV	2017-12-04 06:31:10.266866	2017-12-09 00:00:00	f	\N
65	20171204063110	037	\N	Complete Jessica Dress RTV	2017-12-04 06:31:10.266866	2017-12-09 00:00:00	f	\N
399	20171206095304	038	\N	Markdowns Due	2017-12-06 09:53:04.716668	2017-12-14 00:00:00	f	\N
400	20171206095304	039	\N	Markdowns Due	2017-12-06 09:53:04.716668	2017-12-14 00:00:00	f	\N
401	20171206095304	040	\N	Markdowns Due	2017-12-06 09:53:04.716668	2017-12-14 00:00:00	f	\N
402	20171206095304	041	\N	Markdowns Due	2017-12-06 09:53:04.716668	2017-12-14 00:00:00	f	\N
61	20171204063110	033	\N	Complete Jessica Dress RTV	2017-12-04 06:31:10.266866	2017-12-09 00:00:00	f	\N
53	20171204063110	023	00049	Complete Jessica Dress RTV	2017-12-04 06:31:10.266866	2017-12-09 00:00:00	f	\N
52	20171204063110	021	\N	Complete Jessica Dress RTV	2017-12-04 06:31:10.266866	2017-12-09 00:00:00	f	\N
55	20171204063110	025	00026	Complete Jessica Dress RTV	2017-12-04 06:31:10.266866	2017-12-09 00:00:00	f	2017-12-04 06:34:09.341982
51	20171204063110	020	\N	Complete Jessica Dress RTV	2017-12-04 06:31:10.266866	2017-12-09 00:00:00	f	\N
49	20171204063110	016	\N	Complete Jessica Dress RTV	2017-12-04 06:31:10.266866	2017-12-09 00:00:00	f	\N
63	20171204063110	035	\N	Complete Jessica Dress RTV	2017-12-04 06:31:10.266866	2017-12-09 00:00:00	f	\N
57	20171204063110	028	\N	Complete Jessica Dress RTV	2017-12-04 06:31:10.266866	2017-12-09 00:00:00	f	\N
44	20171204063110	006	\N	Complete Jessica Dress RTV	2017-12-04 06:31:10.266866	2017-12-09 00:00:00	f	\N
46	20171204063110	010	\N	Complete Jessica Dress RTV	2017-12-04 06:31:10.266866	2017-12-09 00:00:00	f	\N
41	20171204015438	999	09332	Complete Markdowns	2017-12-04 01:54:38.684992	2017-12-06 00:00:00	t	2017-12-06 02:36:05.859894
66	20171204063110	038	\N	Complete Jessica Dress RTV	2017-12-04 06:31:10.266866	2017-12-09 00:00:00	f	\N
71	20171204063110	044	\N	Complete Jessica Dress RTV	2017-12-04 06:31:10.266866	2017-12-09 00:00:00	f	\N
72	20171204063110	045	\N	Complete Jessica Dress RTV	2017-12-04 06:31:10.266866	2017-12-09 00:00:00	f	\N
68	20171204063110	040	00230	Complete Jessica Dress RTV	2017-12-04 06:31:10.266866	2017-12-09 00:00:00	t	2017-12-05 05:20:02.752216
98	20171129090014	030	00289	Black Friday Survey Due	2017-11-29 09:00:14.115879	2017-12-04 00:00:00	t	2017-12-05 05:20:02.752252
82	20171129090014	003	00211	Black Friday Survey Due	2017-11-29 09:00:14.115879	2017-12-04 00:00:00	t	2017-12-05 05:20:02.752277
77	20171204063110	054	\N	Complete Jessica Dress RTV	2017-12-04 06:31:10.266866	2017-12-09 00:00:00	f	\N
78	20171204063110	055	\N	Complete Jessica Dress RTV	2017-12-04 06:31:10.266866	2017-12-09 00:00:00	f	\N
109	20171129090014	042	00023	Black Friday Survey Due	2017-11-29 09:00:14.115879	2017-12-04 00:00:00	t	2017-12-05 05:20:02.7523
119	20171129090014	999	09332	Black Friday Survey Due	2017-11-29 09:00:14.115879	2017-12-04 00:00:00	t	2017-12-06 02:36:10.349514
80	20171204063110	999	09332	Complete Jessica Dress RTV	2017-12-04 06:31:10.266866	2017-12-09 00:00:00	t	2017-12-06 02:36:15.049041
81	20171129090014	001	\N	Black Friday Survey Due	2017-11-29 09:00:14.115879	2017-12-04 00:00:00	f	\N
83	20171129090014	006	\N	Black Friday Survey Due	2017-11-29 09:00:14.115879	2017-12-04 00:00:00	f	\N
85	20171129090014	010	\N	Black Friday Survey Due	2017-11-29 09:00:14.115879	2017-12-04 00:00:00	f	\N
115	20171129090014	052	00008	Black Friday Survey Due	2017-11-29 09:00:14.115879	2017-12-04 00:00:00	t	2017-12-05 15:21:56.707291
87	20171129090014	012	\N	Black Friday Survey Due	2017-11-29 09:00:14.115879	2017-12-04 00:00:00	f	\N
378	20171206095304	007	\N	Markdowns Due	2017-12-06 09:53:04.716668	2017-12-14 00:00:00	f	2017-12-06 10:19:50.446808
125	20171204095601	011	00007	Update Holiday Hours	2017-12-04 09:56:01.043014	2017-12-08 00:00:00	t	2017-12-05 15:31:35.192779
84	20171129090014	007	\N	Black Friday Survey Due	2017-11-29 09:00:14.115879	2017-12-04 00:00:00	f	2017-12-06 10:37:36.22174
94	20171129090014	025	\N	Black Friday Survey Due	2017-11-29 09:00:14.115879	2017-12-04 00:00:00	f	\N
95	20171129090014	027	\N	Black Friday Survey Due	2017-11-29 09:00:14.115879	2017-12-04 00:00:00	f	\N
97	20171129090014	029	\N	Black Friday Survey Due	2017-11-29 09:00:14.115879	2017-12-04 00:00:00	f	\N
99	20171129090014	032	\N	Black Friday Survey Due	2017-11-29 09:00:14.115879	2017-12-04 00:00:00	f	\N
100	20171129090014	033	\N	Black Friday Survey Due	2017-11-29 09:00:14.115879	2017-12-04 00:00:00	f	\N
101	20171129090014	034	\N	Black Friday Survey Due	2017-11-29 09:00:14.115879	2017-12-04 00:00:00	f	\N
103	20171129090014	036	\N	Black Friday Survey Due	2017-11-29 09:00:14.115879	2017-12-04 00:00:00	f	\N
104	20171129090014	037	\N	Black Friday Survey Due	2017-11-29 09:00:14.115879	2017-12-04 00:00:00	f	\N
106	20171129090014	039	\N	Black Friday Survey Due	2017-11-29 09:00:14.115879	2017-12-04 00:00:00	f	\N
107	20171129090014	040	\N	Black Friday Survey Due	2017-11-29 09:00:14.115879	2017-12-04 00:00:00	f	\N
112	20171129090014	047	\N	Black Friday Survey Due	2017-11-29 09:00:14.115879	2017-12-04 00:00:00	f	\N
113	20171129090014	049	\N	Black Friday Survey Due	2017-11-29 09:00:14.115879	2017-12-04 00:00:00	f	\N
114	20171129090014	051	\N	Black Friday Survey Due	2017-11-29 09:00:14.115879	2017-12-04 00:00:00	f	\N
117	20171129090014	055	\N	Black Friday Survey Due	2017-11-29 09:00:14.115879	2017-12-04 00:00:00	f	\N
90	20171129090014	020	00012	Black Friday Survey Due	2017-11-29 09:00:14.115879	2017-12-04 00:00:00	t	2017-11-30 09:08:32.556624
120	20171204095601	001	\N	Update Holiday Hours	2017-12-04 09:56:01.043014	2017-12-08 00:00:00	f	\N
375	20171206095304	001	\N	Markdowns Due	2017-12-06 09:53:04.716668	2017-12-14 00:00:00	f	\N
376	20171206095304	003	\N	Markdowns Due	2017-12-06 09:53:04.716668	2017-12-14 00:00:00	f	\N
377	20171206095304	006	\N	Markdowns Due	2017-12-06 09:53:04.716668	2017-12-14 00:00:00	f	\N
127	20171204095601	016	\N	Update Holiday Hours	2017-12-04 09:56:01.043014	2017-12-08 00:00:00	f	\N
128	20171204095601	018	\N	Update Holiday Hours	2017-12-04 09:56:01.043014	2017-12-08 00:00:00	f	\N
379	20171206095304	010	\N	Markdowns Due	2017-12-06 09:53:04.716668	2017-12-14 00:00:00	f	\N
380	20171206095304	011	\N	Markdowns Due	2017-12-06 09:53:04.716668	2017-12-14 00:00:00	f	\N
381	20171206095304	012	\N	Markdowns Due	2017-12-06 09:53:04.716668	2017-12-14 00:00:00	f	\N
132	20171204095601	024	\N	Update Holiday Hours	2017-12-04 09:56:01.043014	2017-12-08 00:00:00	f	\N
382	20171206095304	016	\N	Markdowns Due	2017-12-06 09:53:04.716668	2017-12-14 00:00:00	f	\N
383	20171206095304	018	\N	Markdowns Due	2017-12-06 09:53:04.716668	2017-12-14 00:00:00	f	\N
89	20171129090014	018	\N	Black Friday Survey Due	2017-11-29 09:00:14.115879	2017-12-04 00:00:00	f	\N
134	20171204095601	027	\N	Update Holiday Hours	2017-12-04 09:56:01.043014	2017-12-08 00:00:00	f	\N
118	20171129090014	056	\N	Black Friday Survey Due	2017-11-29 09:00:14.115879	2017-12-04 00:00:00	f	\N
69	20171204063110	041	\N	Complete Jessica Dress RTV	2017-12-04 06:31:10.266866	2017-12-09 00:00:00	f	\N
131	20171204095601	023	\N	Update Holiday Hours	2017-12-04 09:56:01.043014	2017-12-08 00:00:00	f	\N
102	20171129090014	035	\N	Black Friday Survey Due	2017-11-29 09:00:14.115879	2017-12-04 00:00:00	f	\N
93	20171129090014	024	\N	Black Friday Survey Due	2017-11-29 09:00:14.115879	2017-12-04 00:00:00	f	\N
96	20171129090014	028	\N	Black Friday Survey Due	2017-11-29 09:00:14.115879	2017-12-04 00:00:00	f	\N
88	20171129090014	016	\N	Black Friday Survey Due	2017-11-29 09:00:14.115879	2017-12-04 00:00:00	f	\N
136	20171204095601	029	\N	Update Holiday Hours	2017-12-04 09:56:01.043014	2017-12-08 00:00:00	f	\N
137	20171204095601	030	\N	Update Holiday Hours	2017-12-04 09:56:01.043014	2017-12-08 00:00:00	f	\N
139	20171204095601	033	\N	Update Holiday Hours	2017-12-04 09:56:01.043014	2017-12-08 00:00:00	f	\N
140	20171204095601	034	\N	Update Holiday Hours	2017-12-04 09:56:01.043014	2017-12-08 00:00:00	f	\N
142	20171204095601	036	\N	Update Holiday Hours	2017-12-04 09:56:01.043014	2017-12-08 00:00:00	f	\N
144	20171204095601	038	\N	Update Holiday Hours	2017-12-04 09:56:01.043014	2017-12-08 00:00:00	f	\N
145	20171204095601	039	\N	Update Holiday Hours	2017-12-04 09:56:01.043014	2017-12-08 00:00:00	f	\N
147	20171204095601	041	\N	Update Holiday Hours	2017-12-04 09:56:01.043014	2017-12-08 00:00:00	f	\N
148	20171204095601	042	\N	Update Holiday Hours	2017-12-04 09:56:01.043014	2017-12-08 00:00:00	f	\N
149	20171204095601	044	\N	Update Holiday Hours	2017-12-04 09:56:01.043014	2017-12-08 00:00:00	f	\N
151	20171204095601	047	\N	Update Holiday Hours	2017-12-04 09:56:01.043014	2017-12-08 00:00:00	f	\N
157	20171204095601	056	\N	Update Holiday Hours	2017-12-04 09:56:01.043014	2017-12-08 00:00:00	f	\N
116	20171129090014	054	\N	Black Friday Survey Due	2017-11-29 09:00:14.115879	2017-12-04 00:00:00	f	\N
143	20171204095601	037	\N	Update Holiday Hours	2017-12-04 09:56:01.043014	2017-12-08 00:00:00	f	\N
110	20171129090014	044	00132	Black Friday Survey Due	2017-11-29 09:00:14.115879	2017-12-04 00:00:00	t	2017-12-05 05:20:02.752396
91	20171129090014	021	00003	Black Friday Survey Due	2017-11-29 09:00:14.115879	2017-12-04 00:00:00	t	2017-12-05 05:20:02.752419
123	20171204095601	007	\N	Update Holiday Hours	2017-12-04 09:56:01.043014	2017-12-08 00:00:00	f	2017-12-05 05:20:02.752608
70	20171204063110	042	00219	Complete Jessica Dress RTV	2017-12-04 06:31:10.266866	2017-12-09 00:00:00	t	2017-12-05 05:20:02.752441
384	20171206095304	020	\N	Markdowns Due	2017-12-06 09:53:04.716668	2017-12-14 00:00:00	f	\N
385	20171206095304	021	\N	Markdowns Due	2017-12-06 09:53:04.716668	2017-12-14 00:00:00	f	\N
386	20171206095304	023	\N	Markdowns Due	2017-12-06 09:53:04.716668	2017-12-14 00:00:00	f	\N
387	20171206095304	024	\N	Markdowns Due	2017-12-06 09:53:04.716668	2017-12-14 00:00:00	f	\N
135	20171204095601	028	00160	Update Holiday Hours	2017-12-04 09:56:01.043014	2017-12-08 00:00:00	t	2017-12-05 05:20:02.752324
152	20171204095601	049	00040	Update Holiday Hours	2017-12-04 09:56:01.043014	2017-12-08 00:00:00	t	2017-12-05 05:20:02.752347
73	20171204063110	047	\N	Complete Jessica Dress RTV	2017-12-04 06:31:10.266866	2017-12-09 00:00:00	f	\N
146	20171204095601	040	\N	Update Holiday Hours	2017-12-04 09:56:01.043014	2017-12-08 00:00:00	f	\N
153	20171204095601	051	00001	Update Holiday Hours	2017-12-04 09:56:01.043014	2017-12-08 00:00:00	f	\N
111	20171129090014	045	\N	Black Friday Survey Due	2017-11-29 09:00:14.115879	2017-12-04 00:00:00	f	\N
79	20171204063110	056	00108	Complete Jessica Dress RTV	2017-12-04 06:31:10.266866	2017-12-09 00:00:00	f	\N
133	20171204095601	025	\N	Update Holiday Hours	2017-12-04 09:56:01.043014	2017-12-08 00:00:00	f	\N
150	20171204095601	045	\N	Update Holiday Hours	2017-12-04 09:56:01.043014	2017-12-08 00:00:00	f	\N
76	20171204063110	052	\N	Complete Jessica Dress RTV	2017-12-04 06:31:10.266866	2017-12-09 00:00:00	f	\N
141	20171204095601	035	\N	Update Holiday Hours	2017-12-04 09:56:01.043014	2017-12-08 00:00:00	f	\N
108	20171129090014	041	\N	Black Friday Survey Due	2017-11-29 09:00:14.115879	2017-12-04 00:00:00	f	\N
122	20171204095601	006	00109	Update Holiday Hours	2017-12-04 09:56:01.043014	2017-12-08 00:00:00	t	2017-12-05 05:20:02.752466
156	20171204095601	055	\N	Update Holiday Hours	2017-12-04 09:56:01.043014	2017-12-08 00:00:00	f	\N
124	20171204095601	010	\N	Update Holiday Hours	2017-12-04 09:56:01.043014	2017-12-08 00:00:00	f	\N
129	20171204095601	020	\N	Update Holiday Hours	2017-12-04 09:56:01.043014	2017-12-08 00:00:00	f	\N
92	20171129090014	023	\N	Black Friday Survey Due	2017-11-29 09:00:14.115879	2017-12-04 00:00:00	f	\N
126	20171204095601	012	\N	Update Holiday Hours	2017-12-04 09:56:01.043014	2017-12-08 00:00:00	f	\N
74	20171204063110	049	\N	Complete Jessica Dress RTV	2017-12-04 06:31:10.266866	2017-12-09 00:00:00	f	\N
155	20171204095601	054	\N	Update Holiday Hours	2017-12-04 09:56:01.043014	2017-12-08 00:00:00	f	\N
138	20171204095601	032	00241	Update Holiday Hours	2017-12-04 09:56:01.043014	2017-12-08 00:00:00	t	2017-12-05 05:20:02.75237
75	20171204063110	051	00046	Complete Jessica Dress RTV	2017-12-04 06:31:10.266866	2017-12-09 00:00:00	t	2017-12-05 05:20:02.752489
121	20171204095601	003	00136	Update Holiday Hours	2017-12-04 09:56:01.043014	2017-12-08 00:00:00	t	2017-12-05 05:20:02.752513
67	20171204063110	039	00188	Complete Jessica Dress RTV	2017-12-04 06:31:10.266866	2017-12-09 00:00:00	t	2017-12-05 05:20:02.752536
105	20171129090014	038	00112	Black Friday Survey Due	2017-11-29 09:00:14.115879	2017-12-04 00:00:00	t	2017-12-05 05:20:02.752561
130	20171204095601	021	00003	Update Holiday Hours	2017-12-04 09:56:01.043014	2017-12-08 00:00:00	t	2017-12-05 05:20:02.752584
86	20171129090014	011	00103	Black Friday Survey Due	2017-11-29 09:00:14.115879	2017-12-04 00:00:00	t	2017-12-05 05:20:02.752633
158	20171204095601	999	11111	Update Holiday Hours	2017-12-04 09:56:01.043014	2017-12-08 00:00:00	t	2017-12-05 15:18:04.621796
154	20171204095601	052	00008	Update Holiday Hours	2017-12-04 09:56:01.043014	2017-12-08 00:00:00	t	2017-12-05 15:30:08.593049
388	20171206095304	025	\N	Markdowns Due	2017-12-06 09:53:04.716668	2017-12-14 00:00:00	f	\N
389	20171206095304	027	\N	Markdowns Due	2017-12-06 09:53:04.716668	2017-12-14 00:00:00	f	\N
390	20171206095304	028	\N	Markdowns Due	2017-12-06 09:53:04.716668	2017-12-14 00:00:00	f	\N
391	20171206095304	029	\N	Markdowns Due	2017-12-06 09:53:04.716668	2017-12-14 00:00:00	f	\N
392	20171206095304	030	\N	Markdowns Due	2017-12-06 09:53:04.716668	2017-12-14 00:00:00	f	\N
393	20171206095304	032	\N	Markdowns Due	2017-12-06 09:53:04.716668	2017-12-14 00:00:00	f	\N
394	20171206095304	033	\N	Markdowns Due	2017-12-06 09:53:04.716668	2017-12-14 00:00:00	f	\N
395	20171206095304	034	\N	Markdowns Due	2017-12-06 09:53:04.716668	2017-12-14 00:00:00	f	\N
396	20171206095304	035	\N	Markdowns Due	2017-12-06 09:53:04.716668	2017-12-14 00:00:00	f	\N
403	20171206095304	042	\N	Markdowns Due	2017-12-06 09:53:04.716668	2017-12-14 00:00:00	f	\N
404	20171206095304	044	\N	Markdowns Due	2017-12-06 09:53:04.716668	2017-12-14 00:00:00	f	\N
405	20171206095304	045	\N	Markdowns Due	2017-12-06 09:53:04.716668	2017-12-14 00:00:00	f	\N
406	20171206095304	047	\N	Markdowns Due	2017-12-06 09:53:04.716668	2017-12-14 00:00:00	f	\N
407	20171206095304	049	\N	Markdowns Due	2017-12-06 09:53:04.716668	2017-12-14 00:00:00	f	\N
408	20171206095304	051	\N	Markdowns Due	2017-12-06 09:53:04.716668	2017-12-14 00:00:00	f	\N
409	20171206095304	052	\N	Markdowns Due	2017-12-06 09:53:04.716668	2017-12-14 00:00:00	f	\N
410	20171206095304	054	\N	Markdowns Due	2017-12-06 09:53:04.716668	2017-12-14 00:00:00	f	\N
411	20171206095304	055	\N	Markdowns Due	2017-12-06 09:53:04.716668	2017-12-14 00:00:00	f	\N
412	20171206095304	056	\N	Markdowns Due	2017-12-06 09:53:04.716668	2017-12-14 00:00:00	f	\N
413	20171206095304	999	\N	Markdowns Due	2017-12-06 09:53:04.716668	2017-12-14 00:00:00	f	\N
339	20171206054920	007	\N	Complete Window Change	2017-12-06 05:49:20.115713	2017-12-07 00:00:00	f	2017-12-06 09:51:32.825202
45	20171204063110	007	\N	Complete Polka Dot Dress RTV	2017-12-04 06:31:10.266866	2017-12-09 00:00:00	f	2017-12-06 10:37:40.700394
\.


--
-- Name: tasks_task_id_seq; Type: SEQUENCE SET; Schema: public; Owner: vagrant
--

SELECT pg_catalog.setval('tasks_task_id_seq', 413, true);


--
-- Name: assigned_posts_pkey; Type: CONSTRAINT; Schema: public; Owner: vagrant
--

ALTER TABLE ONLY assigned_posts
    ADD CONSTRAINT assigned_posts_pkey PRIMARY KEY (assigned_post_id);


--
-- Name: categories_pkey; Type: CONSTRAINT; Schema: public; Owner: vagrant
--

ALTER TABLE ONLY categories
    ADD CONSTRAINT categories_pkey PRIMARY KEY (cat_id);


--
-- Name: districts_pkey; Type: CONSTRAINT; Schema: public; Owner: vagrant
--

ALTER TABLE ONLY districts
    ADD CONSTRAINT districts_pkey PRIMARY KEY (district_id);


--
-- Name: employees_pkey; Type: CONSTRAINT; Schema: public; Owner: vagrant
--

ALTER TABLE ONLY employees
    ADD CONSTRAINT employees_pkey PRIMARY KEY (emp_id);


--
-- Name: events_pkey; Type: CONSTRAINT; Schema: public; Owner: vagrant
--

ALTER TABLE ONLY events
    ADD CONSTRAINT events_pkey PRIMARY KEY (event_id, "desc");


--
-- Name: positions_pkey; Type: CONSTRAINT; Schema: public; Owner: vagrant
--

ALTER TABLE ONLY positions
    ADD CONSTRAINT positions_pkey PRIMARY KEY (pos_id);


--
-- Name: posts_pkey; Type: CONSTRAINT; Schema: public; Owner: vagrant
--

ALTER TABLE ONLY posts
    ADD CONSTRAINT posts_pkey PRIMARY KEY (post_id);


--
-- Name: stores_pkey; Type: CONSTRAINT; Schema: public; Owner: vagrant
--

ALTER TABLE ONLY stores
    ADD CONSTRAINT stores_pkey PRIMARY KEY (store_id);


--
-- Name: tasks_pkey; Type: CONSTRAINT; Schema: public; Owner: vagrant
--

ALTER TABLE ONLY tasks
    ADD CONSTRAINT tasks_pkey PRIMARY KEY (task_id, post_id);


--
-- Name: assigned_posts_emp_id_fkey; Type: FK CONSTRAINT; Schema: public; Owner: vagrant
--

ALTER TABLE ONLY assigned_posts
    ADD CONSTRAINT assigned_posts_emp_id_fkey FOREIGN KEY (emp_id) REFERENCES employees(emp_id);


--
-- Name: assigned_posts_post_id_fkey; Type: FK CONSTRAINT; Schema: public; Owner: vagrant
--

ALTER TABLE ONLY assigned_posts
    ADD CONSTRAINT assigned_posts_post_id_fkey FOREIGN KEY (post_id) REFERENCES posts(post_id);


--
-- Name: employees_pos_id_fkey; Type: FK CONSTRAINT; Schema: public; Owner: vagrant
--

ALTER TABLE ONLY employees
    ADD CONSTRAINT employees_pos_id_fkey FOREIGN KEY (pos_id) REFERENCES positions(pos_id);


--
-- Name: employees_store_id_fkey; Type: FK CONSTRAINT; Schema: public; Owner: vagrant
--

ALTER TABLE ONLY employees
    ADD CONSTRAINT employees_store_id_fkey FOREIGN KEY (store_id) REFERENCES stores(store_id);


--
-- Name: events_store_id_fkey; Type: FK CONSTRAINT; Schema: public; Owner: vagrant
--

ALTER TABLE ONLY events
    ADD CONSTRAINT events_store_id_fkey FOREIGN KEY (store_id) REFERENCES stores(store_id);


--
-- Name: posts_cat_id_fkey; Type: FK CONSTRAINT; Schema: public; Owner: vagrant
--

ALTER TABLE ONLY posts
    ADD CONSTRAINT posts_cat_id_fkey FOREIGN KEY (cat_id) REFERENCES categories(cat_id);


--
-- Name: posts_emp_id_fkey; Type: FK CONSTRAINT; Schema: public; Owner: vagrant
--

ALTER TABLE ONLY posts
    ADD CONSTRAINT posts_emp_id_fkey FOREIGN KEY (emp_id) REFERENCES employees(emp_id);


--
-- Name: stores_district_id_fkey; Type: FK CONSTRAINT; Schema: public; Owner: vagrant
--

ALTER TABLE ONLY stores
    ADD CONSTRAINT stores_district_id_fkey FOREIGN KEY (district_id) REFERENCES districts(district_id);


--
-- Name: tasks_emp_id_fkey; Type: FK CONSTRAINT; Schema: public; Owner: vagrant
--

ALTER TABLE ONLY tasks
    ADD CONSTRAINT tasks_emp_id_fkey FOREIGN KEY (emp_id) REFERENCES employees(emp_id);


--
-- Name: tasks_post_id_fkey; Type: FK CONSTRAINT; Schema: public; Owner: vagrant
--

ALTER TABLE ONLY tasks
    ADD CONSTRAINT tasks_post_id_fkey FOREIGN KEY (post_id) REFERENCES posts(post_id);


--
-- Name: tasks_store_id_fkey; Type: FK CONSTRAINT; Schema: public; Owner: vagrant
--

ALTER TABLE ONLY tasks
    ADD CONSTRAINT tasks_store_id_fkey FOREIGN KEY (store_id) REFERENCES stores(store_id);


--
-- Name: public; Type: ACL; Schema: -; Owner: postgres
--

REVOKE ALL ON SCHEMA public FROM PUBLIC;
REVOKE ALL ON SCHEMA public FROM postgres;
GRANT ALL ON SCHEMA public TO postgres;
GRANT ALL ON SCHEMA public TO PUBLIC;


--
-- PostgreSQL database dump complete
--

