--
-- PostgreSQL database dump
--

-- Dumped from database version 9.5.7
-- Dumped by pg_dump version 9.5.7

SET statement_timeout = 0;
SET lock_timeout = 0;
SET client_encoding = 'UTF8';
SET standard_conforming_strings = on;
SET check_function_bodies = false;
SET client_min_messages = warning;
SET row_security = off;

--
-- Name: plpgsql; Type: EXTENSION; Schema: -; Owner: 
--

CREATE EXTENSION IF NOT EXISTS plpgsql WITH SCHEMA pg_catalog;


--
-- Name: EXTENSION plpgsql; Type: COMMENT; Schema: -; Owner: 
--

COMMENT ON EXTENSION plpgsql IS 'PL/pgSQL procedural language';


SET search_path = public, pg_catalog;

SET default_tablespace = '';

SET default_with_oids = false;

--
-- Name: assigned_posts; Type: TABLE; Schema: public; Owner: vagrant
--

CREATE TABLE assigned_posts (
    assigned_post_id integer NOT NULL,
    post_id character varying(14) NOT NULL,
    emp_id character varying(5) NOT NULL,
    was_read boolean NOT NULL,
    read_date timestamp without time zone
);


ALTER TABLE assigned_posts OWNER TO vagrant;

--
-- Name: assigned_posts_assigned_post_id_seq; Type: SEQUENCE; Schema: public; Owner: vagrant
--

CREATE SEQUENCE assigned_posts_assigned_post_id_seq
    START WITH 1
    INCREMENT BY 1
    NO MINVALUE
    NO MAXVALUE
    CACHE 1;


ALTER TABLE assigned_posts_assigned_post_id_seq OWNER TO vagrant;

--
-- Name: assigned_posts_assigned_post_id_seq; Type: SEQUENCE OWNED BY; Schema: public; Owner: vagrant
--

ALTER SEQUENCE assigned_posts_assigned_post_id_seq OWNED BY assigned_posts.assigned_post_id;


--
-- Name: categories; Type: TABLE; Schema: public; Owner: vagrant
--

CREATE TABLE categories (
    cat_id character varying(3) NOT NULL,
    name character varying(25) NOT NULL
);


ALTER TABLE categories OWNER TO vagrant;

--
-- Name: districts; Type: TABLE; Schema: public; Owner: vagrant
--

CREATE TABLE districts (
    district_id character varying(3) NOT NULL,
    name character varying(25) NOT NULL
);


ALTER TABLE districts OWNER TO vagrant;

--
-- Name: employees; Type: TABLE; Schema: public; Owner: vagrant
--

CREATE TABLE employees (
    emp_id character varying(5) NOT NULL,
    fname character varying(25) NOT NULL,
    lname character varying(25) NOT NULL,
    ssn character varying(11) NOT NULL,
    password character varying(5) NOT NULL,
    store_id character varying(3) NOT NULL,
    pos_id character varying(5) NOT NULL
);


ALTER TABLE employees OWNER TO vagrant;

--
-- Name: events; Type: TABLE; Schema: public; Owner: vagrant
--

CREATE TABLE events (
    event_id integer NOT NULL,
    "desc" character varying(25) NOT NULL,
    date timestamp without time zone NOT NULL,
    store_id character varying(3) NOT NULL
);


ALTER TABLE events OWNER TO vagrant;

--
-- Name: events_event_id_seq; Type: SEQUENCE; Schema: public; Owner: vagrant
--

CREATE SEQUENCE events_event_id_seq
    START WITH 1
    INCREMENT BY 1
    NO MINVALUE
    NO MAXVALUE
    CACHE 1;


ALTER TABLE events_event_id_seq OWNER TO vagrant;

--
-- Name: events_event_id_seq; Type: SEQUENCE OWNED BY; Schema: public; Owner: vagrant
--

ALTER SEQUENCE events_event_id_seq OWNED BY events.event_id;


--
-- Name: positions; Type: TABLE; Schema: public; Owner: vagrant
--

CREATE TABLE positions (
    pos_id character varying(5) NOT NULL,
    title character varying(25) NOT NULL
);


ALTER TABLE positions OWNER TO vagrant;

--
-- Name: posts; Type: TABLE; Schema: public; Owner: vagrant
--

CREATE TABLE posts (
    post_id character varying(14) NOT NULL,
    title character varying(75) NOT NULL,
    date timestamp without time zone NOT NULL,
    text text NOT NULL,
    emp_id character varying(5) NOT NULL,
    cat_id character varying(3) NOT NULL,
    pdf_url character varying(75)
);


ALTER TABLE posts OWNER TO vagrant;

--
-- Name: stores; Type: TABLE; Schema: public; Owner: vagrant
--

CREATE TABLE stores (
    store_id character varying(3) NOT NULL,
    name character varying(255) NOT NULL,
    address character varying(255) NOT NULL,
    city character varying(75) NOT NULL,
    state character varying(2) NOT NULL,
    zipcode character varying(5) NOT NULL,
    phone character varying(14) NOT NULL,
    district_id character varying(3) NOT NULL
);


ALTER TABLE stores OWNER TO vagrant;

--
-- Name: tasks; Type: TABLE; Schema: public; Owner: vagrant
--

CREATE TABLE tasks (
    task_id integer NOT NULL,
    post_id character varying(14) NOT NULL,
    store_id character varying(3) NOT NULL,
    emp_id character varying(5),
    "desc" character varying(50) NOT NULL,
    assigned_date timestamp without time zone,
    deadline timestamp without time zone,
    is_complete boolean NOT NULL,
    complete_date timestamp without time zone
);


ALTER TABLE tasks OWNER TO vagrant;

--
-- Name: tasks_task_id_seq; Type: SEQUENCE; Schema: public; Owner: vagrant
--

CREATE SEQUENCE tasks_task_id_seq
    START WITH 1
    INCREMENT BY 1
    NO MINVALUE
    NO MAXVALUE
    CACHE 1;


ALTER TABLE tasks_task_id_seq OWNER TO vagrant;

--
-- Name: tasks_task_id_seq; Type: SEQUENCE OWNED BY; Schema: public; Owner: vagrant
--

ALTER SEQUENCE tasks_task_id_seq OWNED BY tasks.task_id;


--
-- Name: assigned_post_id; Type: DEFAULT; Schema: public; Owner: vagrant
--

ALTER TABLE ONLY assigned_posts ALTER COLUMN assigned_post_id SET DEFAULT nextval('assigned_posts_assigned_post_id_seq'::regclass);


--
-- Name: event_id; Type: DEFAULT; Schema: public; Owner: vagrant
--

ALTER TABLE ONLY events ALTER COLUMN event_id SET DEFAULT nextval('events_event_id_seq'::regclass);


--
-- Name: task_id; Type: DEFAULT; Schema: public; Owner: vagrant
--

ALTER TABLE ONLY tasks ALTER COLUMN task_id SET DEFAULT nextval('tasks_task_id_seq'::regclass);


--
-- Data for Name: assigned_posts; Type: TABLE DATA; Schema: public; Owner: vagrant
--

COPY assigned_posts (assigned_post_id, post_id, emp_id, was_read, read_date) FROM stdin;
406	20171204063110	00071	f	\N
407	20171204063110	00087	f	\N
408	20171204063110	00092	f	\N
410	20171204063110	00014	f	\N
411	20171204063110	00094	f	\N
412	20171204063110	00018	f	\N
413	20171204063110	00044	f	\N
414	20171204063110	00058	f	\N
415	20171204063110	00017	f	\N
416	20171204063110	00027	f	\N
280	20171204015438	22222	f	\N
417	20171204063110	00050	f	\N
418	20171204063110	00079	f	\N
419	20171204063110	00150	f	\N
420	20171204063110	00191	f	\N
421	20171204063110	00007	f	\N
422	20171204063110	00096	f	\N
281	20171204015438	33333	f	\N
423	20171204063110	00103	f	\N
424	20171204063110	00021	f	\N
425	20171204063110	00035	f	\N
426	20171204063110	00074	f	\N
427	20171204063110	00039	f	\N
409	20171204063110	00009	t	2017-12-04 06:34:28.823899
59	20171122232732	00006	t	2017-12-04 06:35:07.021049
26	20171122232732	00071	f	\N
27	20171122232732	00087	f	\N
28	20171122232732	00092	f	\N
29	20171122232732	00009	f	\N
30	20171122232732	00014	f	\N
31	20171122232732	00094	f	\N
32	20171122232732	00018	f	\N
33	20171122232732	00044	f	\N
34	20171122232732	00058	f	\N
35	20171122232732	00017	f	\N
36	20171122232732	00027	f	\N
37	20171122232732	00050	f	\N
38	20171122232732	00079	f	\N
39	20171122232732	00150	f	\N
40	20171122232732	00191	f	\N
41	20171122232732	00007	f	\N
42	20171122232732	00096	f	\N
43	20171122232732	00103	f	\N
44	20171122232732	00021	f	\N
45	20171122232732	00035	f	\N
46	20171122232732	00074	f	\N
47	20171122232732	00039	f	\N
48	20171122232732	00102	f	\N
49	20171122232732	00145	f	\N
50	20171122232732	00054	f	\N
51	20171122232732	00101	f	\N
52	20171122232732	00124	f	\N
53	20171122232732	00012	f	\N
54	20171122232732	00015	f	\N
55	20171122232732	00064	f	\N
56	20171122232732	00003	f	\N
57	20171122232732	00065	f	\N
58	20171122232732	00117	f	\N
60	20171122232732	00028	f	\N
61	20171122232732	00049	f	\N
62	20171122232732	00004	f	\N
63	20171122232732	00098	f	\N
64	20171122232732	00126	f	\N
65	20171122232732	00010	f	\N
66	20171122232732	00026	f	\N
67	20171122232732	00034	f	\N
68	20171122232732	00060	f	\N
69	20171122232732	00080	f	\N
70	20171122232732	00151	f	\N
71	20171122232732	00005	f	\N
72	20171122232732	00088	f	\N
73	20171122232732	00100	f	\N
74	20171122232732	00059	f	\N
75	20171122232732	00167	f	\N
76	20171122232732	00250	f	\N
77	20171122232732	00043	f	\N
78	20171122232732	00083	f	\N
79	20171122232732	00146	f	\N
80	20171122232732	00032	f	\N
81	20171122232732	00070	f	\N
82	20171122232732	00110	f	\N
83	20171122232732	00138	f	\N
84	20171122232732	00180	f	\N
85	20171122232732	00253	f	\N
86	20171122232732	00037	f	\N
87	20171122232732	00042	f	\N
88	20171122232732	00045	f	\N
89	20171122232732	00053	f	\N
90	20171122232732	00057	f	\N
91	20171122232732	00097	f	\N
92	20171122232732	00069	f	\N
93	20171122232732	00075	f	\N
94	20171122232732	00131	f	\N
95	20171122232732	00052	f	\N
96	20171122232732	00063	f	\N
97	20171122232732	00066	f	\N
98	20171122232732	00036	f	\N
99	20171122232732	00073	f	\N
100	20171122232732	00106	f	\N
101	20171122232732	00137	f	\N
102	20171122232732	00177	f	\N
103	20171122232732	00188	f	\N
104	20171122232732	00013	f	\N
105	20171122232732	00025	f	\N
106	20171122232732	00134	f	\N
107	20171122232732	00031	f	\N
108	20171122232732	00078	f	\N
109	20171122232732	00122	f	\N
110	20171122232732	00016	f	\N
111	20171122232732	00023	f	\N
112	20171122232732	00118	f	\N
113	20171122232732	00082	f	\N
114	20171122232732	00127	f	\N
115	20171122232732	00132	f	\N
116	20171122232732	00011	f	\N
117	20171122232732	00033	f	\N
118	20171122232732	00067	f	\N
119	20171122232732	00029	f	\N
120	20171122232732	00051	f	\N
121	20171122232732	00081	f	\N
122	20171122232732	00019	f	\N
123	20171122232732	00020	f	\N
124	20171122232732	00022	f	\N
125	20171122232732	00001	f	\N
126	20171122232732	00024	f	\N
127	20171122232732	00046	f	\N
128	20171122232732	00008	f	\N
129	20171122232732	00055	f	\N
130	20171122232732	00173	f	\N
131	20171122232732	00030	f	\N
132	20171122232732	00224	f	\N
283	20171204015438	55555	f	\N
278	20171204015438	09332	t	2017-12-04 01:54:46.318031
282	20171204015438	44444	t	2017-12-04 01:58:45.783666
133	20171122232732	00229	f	\N
134	20171122232732	00038	f	\N
135	20171122232732	00056	f	\N
136	20171122232732	00077	f	\N
137	20171122232732	00002	f	\N
138	20171122232732	00108	f	\N
139	20171122232732	00169	f	\N
141	20171122232732	11111	f	\N
142	20171122232732	22222	f	\N
143	20171122232732	33333	f	\N
145	20171122232732	55555	f	\N
140	20171122232732	09332	t	2017-11-22 23:27:43.069451
286	20171204040122	00071	f	\N
287	20171204040122	00087	f	\N
288	20171204040122	00092	f	\N
289	20171204040122	00009	f	\N
290	20171204040122	00014	f	\N
291	20171204040122	00094	f	\N
292	20171204040122	00018	f	\N
293	20171204040122	00044	f	\N
294	20171204040122	00058	f	\N
295	20171204040122	00017	f	\N
296	20171204040122	00027	f	\N
297	20171204040122	00050	f	\N
298	20171204040122	00079	f	\N
299	20171204040122	00150	f	\N
300	20171204040122	00191	f	\N
301	20171204040122	00007	f	\N
302	20171204040122	00096	f	\N
303	20171204040122	00103	f	\N
304	20171204040122	00021	f	\N
305	20171204040122	00035	f	\N
306	20171204040122	00074	f	\N
307	20171204040122	00039	f	\N
308	20171204040122	00102	f	\N
309	20171204040122	00145	f	\N
310	20171204040122	00054	f	\N
311	20171204040122	00101	f	\N
312	20171204040122	00124	f	\N
313	20171204040122	00012	f	\N
314	20171204040122	00015	f	\N
315	20171204040122	00064	f	\N
316	20171204040122	00003	f	\N
317	20171204040122	00065	f	\N
318	20171204040122	00117	f	\N
320	20171204040122	00028	f	\N
321	20171204040122	00049	f	\N
322	20171204040122	00004	f	\N
323	20171204040122	00098	f	\N
324	20171204040122	00126	f	\N
325	20171204040122	00010	f	\N
326	20171204040122	00026	f	\N
327	20171204040122	00034	f	\N
328	20171204040122	00060	f	\N
329	20171204040122	00080	f	\N
330	20171204040122	00151	f	\N
331	20171204040122	00005	f	\N
332	20171204040122	00088	f	\N
333	20171204040122	00100	f	\N
334	20171204040122	00059	f	\N
335	20171204040122	00167	f	\N
336	20171204040122	00250	f	\N
337	20171204040122	00043	f	\N
338	20171204040122	00083	f	\N
339	20171204040122	00146	f	\N
340	20171204040122	00032	f	\N
341	20171204040122	00070	f	\N
342	20171204040122	00110	f	\N
343	20171204040122	00138	f	\N
344	20171204040122	00180	f	\N
345	20171204040122	00253	f	\N
346	20171204040122	00037	f	\N
347	20171204040122	00042	f	\N
348	20171204040122	00045	f	\N
349	20171204040122	00053	f	\N
350	20171204040122	00057	f	\N
351	20171204040122	00097	f	\N
352	20171204040122	00069	f	\N
353	20171204040122	00075	f	\N
354	20171204040122	00131	f	\N
355	20171204040122	00052	f	\N
356	20171204040122	00063	f	\N
357	20171204040122	00066	f	\N
358	20171204040122	00036	f	\N
359	20171204040122	00073	f	\N
360	20171204040122	00106	f	\N
361	20171204040122	00137	f	\N
362	20171204040122	00177	f	\N
363	20171204040122	00188	f	\N
364	20171204040122	00013	f	\N
365	20171204040122	00025	f	\N
366	20171204040122	00134	f	\N
367	20171204040122	00031	f	\N
368	20171204040122	00078	f	\N
369	20171204040122	00122	f	\N
370	20171204040122	00016	f	\N
371	20171204040122	00023	f	\N
372	20171204040122	00118	f	\N
373	20171204040122	00082	f	\N
374	20171204040122	00127	f	\N
375	20171204040122	00132	f	\N
376	20171204040122	00011	f	\N
377	20171204040122	00033	f	\N
378	20171204040122	00067	f	\N
379	20171204040122	00029	f	\N
380	20171204040122	00051	f	\N
381	20171204040122	00081	f	\N
382	20171204040122	00019	f	\N
383	20171204040122	00020	f	\N
384	20171204040122	00022	f	\N
385	20171204040122	00001	f	\N
386	20171204040122	00024	f	\N
387	20171204040122	00046	f	\N
388	20171204040122	00008	f	\N
389	20171204040122	00055	f	\N
390	20171204040122	00173	f	\N
391	20171204040122	00030	f	\N
392	20171204040122	00224	f	\N
393	20171204040122	00229	f	\N
394	20171204040122	00038	f	\N
395	20171204040122	00056	f	\N
396	20171204040122	00077	f	\N
397	20171204040122	00002	f	\N
398	20171204040122	00108	f	\N
399	20171204040122	00169	f	\N
401	20171204040122	11111	f	\N
402	20171204040122	22222	f	\N
403	20171204040122	33333	f	\N
404	20171204040122	44444	f	\N
405	20171204040122	55555	f	\N
400	20171204040122	09332	t	2017-12-04 04:01:27.100228
428	20171204063110	00102	f	\N
279	20171204015438	11111	t	2017-12-04 01:56:32.0763
144	20171122232732	44444	t	2017-12-04 02:30:41.641493
429	20171204063110	00145	f	\N
430	20171204063110	00054	f	\N
431	20171204063110	00101	f	\N
432	20171204063110	00124	f	\N
433	20171204063110	00012	f	\N
434	20171204063110	00015	f	\N
435	20171204063110	00064	f	\N
436	20171204063110	00003	f	\N
437	20171204063110	00065	f	\N
438	20171204063110	00117	f	\N
440	20171204063110	00028	f	\N
441	20171204063110	00049	f	\N
442	20171204063110	00004	f	\N
443	20171204063110	00098	f	\N
444	20171204063110	00126	f	\N
447	20171204063110	00034	f	\N
448	20171204063110	00060	f	\N
449	20171204063110	00080	f	\N
450	20171204063110	00151	f	\N
451	20171204063110	00005	f	\N
452	20171204063110	00088	f	\N
453	20171204063110	00100	f	\N
454	20171204063110	00059	f	\N
455	20171204063110	00167	f	\N
456	20171204063110	00250	f	\N
457	20171204063110	00043	f	\N
458	20171204063110	00083	f	\N
459	20171204063110	00146	f	\N
460	20171204063110	00032	f	\N
461	20171204063110	00070	f	\N
462	20171204063110	00110	f	\N
463	20171204063110	00138	f	\N
464	20171204063110	00180	f	\N
465	20171204063110	00253	f	\N
466	20171204063110	00037	f	\N
467	20171204063110	00042	f	\N
468	20171204063110	00045	f	\N
469	20171204063110	00053	f	\N
470	20171204063110	00057	f	\N
471	20171204063110	00097	f	\N
472	20171204063110	00069	f	\N
473	20171204063110	00075	f	\N
474	20171204063110	00131	f	\N
475	20171204063110	00052	f	\N
476	20171204063110	00063	f	\N
477	20171204063110	00066	f	\N
478	20171204063110	00036	f	\N
479	20171204063110	00073	f	\N
480	20171204063110	00106	f	\N
481	20171204063110	00137	f	\N
482	20171204063110	00177	f	\N
483	20171204063110	00188	f	\N
484	20171204063110	00013	f	\N
485	20171204063110	00025	f	\N
486	20171204063110	00134	f	\N
487	20171204063110	00031	f	\N
488	20171204063110	00078	f	\N
489	20171204063110	00122	f	\N
490	20171204063110	00016	f	\N
491	20171204063110	00023	f	\N
492	20171204063110	00118	f	\N
493	20171204063110	00082	f	\N
494	20171204063110	00127	f	\N
495	20171204063110	00132	f	\N
496	20171204063110	00011	f	\N
497	20171204063110	00033	f	\N
498	20171204063110	00067	f	\N
499	20171204063110	00029	f	\N
500	20171204063110	00051	f	\N
501	20171204063110	00081	f	\N
502	20171204063110	00019	f	\N
503	20171204063110	00020	f	\N
504	20171204063110	00022	f	\N
505	20171204063110	00001	f	\N
506	20171204063110	00024	f	\N
507	20171204063110	00046	f	\N
508	20171204063110	00008	f	\N
509	20171204063110	00055	f	\N
510	20171204063110	00173	f	\N
511	20171204063110	00030	f	\N
512	20171204063110	00224	f	\N
513	20171204063110	00229	f	\N
514	20171204063110	00038	f	\N
515	20171204063110	00056	f	\N
516	20171204063110	00077	f	\N
517	20171204063110	00002	f	\N
518	20171204063110	00108	f	\N
519	20171204063110	00169	f	\N
521	20171204063110	11111	f	\N
522	20171204063110	22222	f	\N
523	20171204063110	33333	f	\N
524	20171204063110	44444	f	\N
525	20171204063110	55555	f	\N
520	20171204063110	09332	t	2017-12-04 06:31:16.271338
445	20171204063110	00010	t	2017-12-04 06:31:45.837474
446	20171204063110	00026	t	2017-12-04 06:34:13.473381
439	20171204063110	00006	t	2017-12-04 06:34:44.799696
319	20171204040122	00006	t	2017-12-04 06:35:03.414992
\.


--
-- Name: assigned_posts_assigned_post_id_seq; Type: SEQUENCE SET; Schema: public; Owner: vagrant
--

SELECT pg_catalog.setval('assigned_posts_assigned_post_id_seq', 525, true);


--
-- Data for Name: categories; Type: TABLE DATA; Schema: public; Owner: vagrant
--

COPY categories (cat_id, name) FROM stdin;
mis	Miscellaneous
mar	Marketing
opr	Operations
mds	Markdowns
vix	Visual Merchandising
evt	Events
pro	Promotions
hrp	Human Resources/Payroll
\.


--
-- Data for Name: districts; Type: TABLE DATA; Schema: public; Owner: vagrant
--

COPY districts (district_id, name) FROM stdin;
D05	Southeast
D04	Northeast
D03	Midwest
D02	Southwest
D01	Northwest
D99	Corporate HQ
\.


--
-- Data for Name: employees; Type: TABLE DATA; Schema: public; Owner: vagrant
--

COPY employees (emp_id, fname, lname, ssn, password, store_id, pos_id) FROM stdin;
00001	Suzanne	Moore	626-46-7126	jjjj	051	02-AM
00002	Kelly	Graves	265-65-9477	jjjj	056	02-AM
00003	Stephen	Moss	852-52-5104	jjjj	021	02-AM
00004	Darlene	Young	411-22-5684	jjjj	024	02-AM
00005	Linda	Jones	315-22-3307	jjjj	028	02-AM
00006	Kimberly	Graham	092-26-4264	jjjj	023	02-AM
00007	Andrew	Morgan	566-97-6008	jjjj	011	02-AM
00008	Rachel	Medina	833-83-4323	jjjj	052	02-AM
00009	Ann	Barrett	767-72-6254	jjjj	003	02-AM
00010	Andrew	Oneill	572-80-2103	jjjj	025	02-AM
00011	Richard	Cooper	217-71-6168	jjjj	045	02-AM
00012	Martin	Williams	586-79-9815	jjjj	020	02-AM
00013	William	Mcconnell	811-36-7174	jjjj	040	02-AM
00014	Charles	Walker	006-36-0038	jjjj	003	02-AM
00015	Jeffrey	Roberts	364-42-8612	jjjj	020	02-AM
00016	Marcus	Castillo	567-34-0269	jjjj	042	02-AM
00017	Kimberly	Adams	068-05-9242	jjjj	007	02-AM
00018	David	Higgins	196-53-3300	jjjj	006	02-AM
00019	Sara	Gonzalez	715-39-9953	jjjj	049	02-AM
00020	Jake	Hall	788-95-9984	jjjj	049	02-AM
00021	Jacob	Wilkinson	525-13-0359	jjjj	012	02-AM
00022	Michelle	Smith	341-10-1964	jjjj	049	01-SM
00023	Margaret	Hughes	524-02-5542	jjjj	042	02-AM
00024	Stephen	Walters	108-61-5237	jjjj	051	02-AM
00025	David	Brady	050-51-0951	jjjj	040	02-AM
00026	Larry	Kaiser	779-69-7668	jjjj	025	02-AM
00027	Tommy	Phillips	453-63-4780	jjjj	007	02-AM
00028	David	Graham	306-25-1462	jjjj	023	02-AM
00029	Courtney	Wood	569-52-3147	jjjj	047	02-AM
00030	Tyler	Hanson	287-83-1611	jjjj	054	02-AM
00031	Selena	Ferguson	281-40-0905	jjjj	041	02-AM
00032	Joe	Rangel	198-68-1114	jjjj	032	02-AM
00033	Dawn	Adams	232-07-8951	jjjj	045	02-AM
00034	Ariel	Morris	804-08-1333	jjjj	025	01-SM
00035	Sarah	Hernandez	256-95-2356	jjjj	012	02-AM
00036	Jose	Thomas	419-29-9950	jjjj	038	02-AM
00037	Frances	Larsen	234-86-4032	jjjj	034	02-AM
00038	Tiffany	George	593-97-9730	jjjj	055	02-AM
00039	Heidi	Brown	347-03-0555	jjjj	016	02-AM
00040	Jillian	Lewis	244-22-5946	jjjj	049	03-SS
00041	Margaret	Harris	312-42-7675	jjjj	049	03-SS
00042	Alexandra	Robertson	776-11-0402	jjjj	034	02-AM
00043	Maria	Patel	610-95-9654	jjjj	030	02-AM
00044	Kimberly	Hall	539-90-9704	jjjj	006	02-AM
00045	Steven	Graves	723-60-3123	jjjj	034	01-SM
00046	Timothy	Martinez	284-25-4728	jjjj	051	01-SM
00047	Melanie	Watson	259-75-2818	jjjj	049	03-SS
00048	Dakota	Medina	361-57-3946	jjjj	025	03-SS
00049	Sharon	Hamilton	417-64-3189	jjjj	023	01-SM
00050	Stephen	Walker	211-87-4434	jjjj	007	01-SM
00051	David	Howard	664-21-5867	jjjj	047	02-AM
00052	Jason	Wallace	379-74-7050	jjjj	037	02-AM
00053	Robert	Higgins	150-68-8055	jjjj	035	02-AM
00054	Mitchell	Brown	772-62-5157	jjjj	018	02-AM
00055	Christian	Powers	817-28-8506	jjjj	052	02-AM
00056	Eric	Salazar	702-72-0932	jjjj	055	02-AM
00057	Andrew	Carroll	870-72-5671	jjjj	035	02-AM
00058	Lisa	Gonzalez	015-92-7644	jjjj	006	01-SM
00059	Wendy	Jones	437-12-2412	jjjj	029	02-AM
00060	Christopher	Adams	080-76-8811	jjjj	027	02-AM
00061	Tammy	Gonzales	381-41-2332	jjjj	007	03-SS
00062	John	Ramirez	566-99-0235	jjjj	006	03-SS
00063	Michael	Brennan	884-50-4962	jjjj	037	02-AM
00064	Kenneth	Murray	635-54-4007	jjjj	020	01-SM
00065	Brandon	Petersen	561-51-3405	jjjj	021	02-AM
00066	Tracy	Kim	502-91-9425	jjjj	037	01-SM
00067	David	Vazquez	706-74-3539	jjjj	045	01-SM
00068	Monica	Ramos	115-49-6511	jjjj	034	03-SS
00069	Lauren	Wall	658-39-5683	jjjj	036	02-AM
00070	Sheila	Heath	855-98-5997	jjjj	032	02-AM
00071	Eric	Green	895-86-4302	jjjj	001	02-AM
00072	Joseph	Carter	145-34-7324	jjjj	023	03-SS
00073	Jesse	Taylor	869-47-6349	jjjj	038	02-AM
00074	Richard	Michael	852-76-5772	jjjj	012	01-SM
00075	Benjamin	Alvarez	283-31-8232	jjjj	036	02-AM
00076	David	Jones	083-53-3343	jjjj	006	03-SS
00077	Jeffrey	Wallace	431-34-4929	jjjj	055	01-SM
00078	Dylan	Rhodes	303-05-5953	jjjj	041	02-AM
00079	Kevin	Mccarty	136-23-5713	jjjj	010	02-AM
00080	Nina	Jenkins	659-72-7661	jjjj	027	02-AM
00081	Hunter	Friedman	020-11-2197	jjjj	047	01-SM
00082	Joshua	Proctor	002-66-3772	jjjj	044	02-AM
00083	Tiffany	Richard	142-53-4688	jjjj	030	02-AM
00084	John	Turner	307-17-6412	jjjj	045	03-SS
00085	Eric	Jones	178-95-5946	jjjj	012	03-SS
00086	Cameron	Stafford	177-10-1363	jjjj	055	03-SS
00087	Daniel	Cabrera	586-30-1927	jjjj	001	02-AM
00088	Stephen	Scott	803-52-3381	jjjj	028	02-AM
00089	Michelle	Salazar	502-25-8739	jjjj	051	03-SS
00090	Gregory	Vargas	104-66-6982	jjjj	051	03-SS
00091	Albert	Sims	149-18-6680	jjjj	049	03-SS
00092	Diane	Reed	862-06-7708	jjjj	001	01-SM
00093	Bryan	Evans	201-59-1116	jjjj	001	03-SS
00094	Linda	Chen	250-63-5357	jjjj	003	01-SM
00095	Margaret	Hess	013-61-9725	jjjj	006	03-SS
00096	April	Hall	472-49-4454	jjjj	011	02-AM
00097	Tyler	Butler	527-53-8392	jjjj	035	01-SM
00098	Michelle	Simon	513-48-8403	jjjj	024	02-AM
00099	Brian	Scott	116-71-1243	jjjj	047	03-SS
00100	Michael	Patel	150-71-8286	jjjj	028	01-SM
00101	Dustin	Estrada	557-96-2794	jjjj	018	02-AM
00102	Tiffany	Santiago	157-87-4288	jjjj	016	02-AM
00103	Cynthia	Erickson	554-08-4007	jjjj	011	01-SM
00104	Anne	Barnett	388-62-0920	jjjj	003	03-SS
00105	Jimmy	Harmon	600-66-8700	jjjj	035	03-SS
00106	Whitney	Bailey	636-29-2121	jjjj	038	01-SM
00107	Christina	Mckinney	558-29-4719	jjjj	003	03-SS
00108	Patricia	Peters	197-84-0041	jjjj	056	02-AM
00109	Joel	Ware	059-93-8658	jjjj	006	03-SS
00110	April	Frazier	705-54-5072	jjjj	032	01-SM
00111	Sarah	Ramos	528-61-9762	jjjj	034	03-SS
00112	Brenda	Mora	623-19-0957	jjjj	038	03-SS
00113	Sabrina	Lewis	254-29-0079	jjjj	038	03-SS
00114	Daniel	Hensley	522-47-6380	jjjj	001	03-SS
00115	Danielle	Riddle	210-22-6138	jjjj	034	03-SS
00116	Amy	Mason	618-30-4741	jjjj	012	03-SS
00117	Billy	Stokes	271-97-9039	jjjj	021	01-SM
00118	Jennifer	Nguyen	064-05-1212	jjjj	042	01-SM
00119	Rodney	Bullock	757-20-0614	jjjj	007	03-SS
00120	John	Navarro	093-91-9621	jjjj	045	03-SS
00121	Jacqueline	Browning	829-35-3932	jjjj	032	03-SS
00122	Kristen	Foster	759-17-8001	jjjj	041	01-SM
00123	Kimberly	Acosta	791-04-9466	jjjj	034	03-SS
00124	Mark	Miller	450-60-7419	jjjj	018	01-SM
00125	Samantha	Cole	290-80-4553	jjjj	018	03-SS
00126	Lisa	Peters	196-85-1818	jjjj	024	01-SM
00127	Shawn	Phillips	436-54-3592	jjjj	044	02-AM
00128	Isaac	Chang	740-33-3795	jjjj	041	03-SS
00129	Rebecca	Jackson	663-89-6719	jjjj	011	03-SS
00130	Frank	Guerra	758-72-3040	jjjj	041	03-SS
00131	Teresa	Patel	060-99-1548	jjjj	036	01-SM
00132	Thomas	Ellis	828-72-3857	jjjj	044	01-SM
00133	Cheryl	Mclaughlin	248-03-4228	jjjj	041	03-SS
00134	Marcia	Morales	544-33-6975	jjjj	040	01-SM
00135	Gina	Powell	603-17-1783	jjjj	024	03-SS
00136	April	Frey	072-23-6309	jjjj	003	03-SS
00137	Andrea	Montoya	134-23-3461	jjjj	039	02-AM
00138	Steven	Nelson	348-49-1345	jjjj	033	02-AM
00139	Luis	Tyler	358-99-8487	jjjj	037	03-SS
00140	Terri	Nichols	686-85-4414	jjjj	023	03-SS
00141	Benjamin	Young	328-52-6702	jjjj	044	03-SS
00142	Brittany	Berry	331-80-9987	jjjj	001	03-SS
00143	Crystal	Hughes	280-96-8654	jjjj	018	03-SS
00144	Scott	Rogers	235-47-9985	jjjj	034	03-SS
00145	Francisco	Young	695-49-4551	jjjj	016	01-SM
00146	Sheila	Jimenez	788-43-1806	jjjj	030	01-SM
00147	Willie	Cook	034-54-6014	jjjj	049	03-SS
00148	Clayton	Stevens	170-32-7104	jjjj	028	03-SS
00149	Francisco	Harris	726-22-3643	jjjj	037	03-SS
00150	Vanessa	Garcia	284-78-4583	jjjj	010	02-AM
00151	Robert	Mckenzie	106-43-5445	jjjj	027	01-SM
00152	John	Chen	127-59-2567	jjjj	025	03-SS
00153	William	Carroll	765-22-3916	jjjj	001	03-SS
00154	James	Taylor	707-57-8126	jjjj	020	03-SS
00155	Suzanne	Wright	632-13-3444	jjjj	012	03-SS
00156	Tiffany	Moore	300-65-6499	jjjj	012	03-SS
00157	Jessica	Allison	055-16-1732	jjjj	012	03-SS
00158	Roberto	Smith	752-27-7384	jjjj	003	03-SS
00159	Tyler	Johnson	745-23-1110	jjjj	001	03-SS
00160	Kimberly	Edwards	018-07-5980	jjjj	028	03-SS
00161	Jennifer	Salazar	524-89-8326	jjjj	038	03-SS
00162	Lisa	Franco	140-92-9080	jjjj	045	03-SS
00163	Joseph	Vazquez	040-95-2487	jjjj	036	03-SS
00164	Brittney	Alexander	273-30-4031	jjjj	032	03-SS
00165	Danielle	Boyer	052-91-1101	jjjj	024	03-SS
00166	Michael	Olsen	598-84-8525	jjjj	021	03-SS
00167	Lori	Anderson	605-84-7630	jjjj	029	02-AM
00168	Kathleen	Palmer	078-30-9955	jjjj	012	03-SS
00169	Keith	Navarro	243-49-3557	jjjj	056	01-SM
00170	Timothy	Munoz	255-76-2433	jjjj	030	03-SS
00171	Lisa	Barber	426-09-1271	jjjj	041	03-SS
00172	Gina	Hubbard	345-77-7718	jjjj	012	03-SS
00173	Thomas	Myers	061-36-7808	jjjj	052	01-SM
00174	Rebecca	Gutierrez	080-27-3959	jjjj	032	03-SS
00175	Fernando	Henderson	642-03-2113	jjjj	027	03-SS
00176	Benjamin	Galvan	447-01-0010	jjjj	042	03-SS
00177	Joseph	Reyes	329-53-2377	jjjj	039	02-AM
00178	Cathy	Morrison	290-31-4341	jjjj	056	03-SS
00179	Aaron	Huang	636-02-5066	jjjj	044	03-SS
00180	Heather	Mcmahon	214-61-7769	jjjj	033	02-AM
00181	Todd	Rodgers	626-68-9035	jjjj	030	03-SS
00182	Ashley	Cortez	101-86-9396	jjjj	016	03-SS
00183	Charles	Rangel	427-22-0163	jjjj	025	03-SS
00184	Richard	Henderson	712-34-0300	jjjj	055	03-SS
00185	Bryan	Sanchez	330-66-5414	jjjj	038	03-SS
00186	David	Black	891-91-4275	jjjj	025	03-SS
00187	Don	Hoffman	244-62-2864	jjjj	018	03-SS
00188	Cheryl	Johnson	614-91-1461	jjjj	039	01-SM
00189	Amanda	Cobb	190-62-4554	jjjj	001	03-SS
00190	Megan	Macias	656-07-2935	jjjj	035	03-SS
00191	Phillip	Johnson	490-11-7670	jjjj	010	01-SM
00192	Sharon	Barnett	464-49-0972	jjjj	003	03-SS
00193	Sara	Thomas	542-56-3176	jjjj	047	03-SS
00194	Craig	Crane	635-61-8877	jjjj	038	03-SS
00195	Michael	Mcdonald	376-37-7179	jjjj	003	03-SS
00196	Charles	Morrow	536-01-2244	jjjj	034	03-SS
00197	Robert	Koch	697-47-6408	jjjj	016	03-SS
00198	Dylan	Jackson	118-13-0273	jjjj	027	03-SS
00199	Pamela	Wood	597-11-7716	jjjj	049	03-SS
00200	Samantha	Branch	149-12-6494	jjjj	036	03-SS
00201	Steven	May	193-66-4692	jjjj	049	03-SS
00202	Jason	Bryant	685-95-4057	jjjj	051	03-SS
00203	Lawrence	Montgomery	715-14-4913	jjjj	055	03-SS
00204	Jake	Hansen	789-72-8216	jjjj	042	03-SS
00205	Travis	Gould	269-95-2208	jjjj	039	03-SS
00206	Frances	Martinez	467-56-4085	jjjj	044	03-SS
00207	Carla	Klein	290-80-6195	jjjj	023	03-SS
00208	Peter	Mckenzie	097-86-8592	jjjj	003	03-SS
00209	Patricia	Berry	184-27-7653	jjjj	012	03-SS
00210	Michael	Bishop	090-09-9802	jjjj	047	03-SS
00211	Todd	Neal	677-71-5510	jjjj	003	03-SS
00212	Thomas	Hardy	380-43-4619	jjjj	020	03-SS
00213	David	Gonzalez	675-82-6911	jjjj	039	03-SS
00214	Gina	Miller	112-22-6315	jjjj	055	03-SS
00215	Keith	Anderson	185-77-7866	jjjj	055	03-SS
00216	Scott	Richardson	548-01-4208	jjjj	056	03-SS
00217	Renee	Tate	213-97-1303	jjjj	007	03-SS
00218	Thomas	Mullins	396-40-8207	jjjj	037	03-SS
00219	Erica	Cantu	422-19-7368	jjjj	042	03-SS
00220	Shannon	Farrell	072-77-5532	jjjj	032	03-SS
00221	Trevor	Howell	474-60-5138	jjjj	038	03-SS
00222	Cynthia	Hale	607-04-1022	jjjj	010	03-SS
00223	Cheryl	Reynolds	290-21-6383	jjjj	001	03-SS
00224	Joseph	Harris	793-14-1349	jjjj	054	02-AM
00225	Marissa	Li	001-10-7438	jjjj	042	03-SS
00226	Robert	Peterson	055-92-2439	jjjj	036	03-SS
00227	Brianna	Jackson	316-35-3310	jjjj	016	03-SS
00228	Bryan	Cruz	229-83-5431	jjjj	011	03-SS
00229	Aaron	Evans	650-43-1497	jjjj	054	01-SM
00230	Jacob	Booth	663-29-3055	jjjj	040	03-SS
00231	Vincent	Bray	658-14-5616	jjjj	055	03-SS
00232	Timothy	Flynn	590-79-5386	jjjj	001	03-SS
00233	James	Wood	014-44-5236	jjjj	041	03-SS
00234	Daniel	Wallace	844-44-2135	jjjj	040	03-SS
00235	Larry	Ramos	826-53-7232	jjjj	035	03-SS
00236	James	Ford	468-51-5652	jjjj	028	03-SS
00237	Danielle	Chase	480-60-5949	jjjj	037	03-SS
00238	Terri	Vaughn	784-93-6116	jjjj	020	03-SS
00239	Edward	Moore	644-01-6582	jjjj	047	03-SS
00240	Rebecca	Price	644-75-3900	jjjj	047	03-SS
00241	George	Jensen	516-35-8780	jjjj	032	03-SS
00242	Justin	Thomas	716-57-1019	jjjj	051	03-SS
00243	Fernando	Freeman	466-88-3384	jjjj	016	03-SS
00244	William	Clark	682-01-8224	jjjj	036	03-SS
00245	Carrie	Cardenas	628-21-0564	jjjj	032	03-SS
00246	Nancy	Martinez	783-55-8759	jjjj	032	03-SS
00247	Laura	Hoffman	778-82-6448	jjjj	047	03-SS
00248	Jeremy	Walker	388-76-7891	jjjj	052	03-SS
00249	Patricia	Brown	187-87-0087	jjjj	037	03-SS
00250	John	Williams	576-89-7755	jjjj	029	01-SM
00251	William	Rich	740-78-9763	jjjj	037	03-SS
00252	Andrew	Olson	525-14-7718	jjjj	039	03-SS
00253	Jessica	Ortiz	180-37-2086	jjjj	033	01-SM
00254	Don	Perez	313-98-4492	jjjj	032	03-SS
00255	Jennifer	Valentine	444-56-2829	jjjj	041	03-SS
00256	Michelle	Cantrell	384-74-0733	jjjj	038	03-SS
00257	Amber	Ward	430-64-8288	jjjj	029	03-SS
00258	Jeffrey	Williams	689-17-1868	jjjj	012	03-SS
00259	Maria	Blake	768-83-9040	jjjj	037	03-SS
00260	Christopher	Mata	616-82-1712	jjjj	027	03-SS
00261	Nicholas	Murphy	296-11-7938	jjjj	055	03-SS
00262	Sandy	Burgess	344-36-2525	jjjj	024	03-SS
00263	Collin	Malone	824-62-7287	jjjj	047	03-SS
00264	Joshua	May	652-18-0399	jjjj	056	03-SS
00265	Steven	Dyer	868-20-4353	jjjj	033	03-SS
00266	Joanna	Cohen	058-10-3118	jjjj	006	03-SS
00267	Melissa	Lane	792-83-9209	jjjj	033	03-SS
00268	Sean	Green	273-01-7011	jjjj	030	03-SS
00269	Alice	Jordan	316-59-1187	jjjj	023	03-SS
00270	Judy	Harrington	773-85-6391	jjjj	012	03-SS
00271	Erika	Padilla	667-29-4066	jjjj	033	03-SS
00272	Christina	Espinoza	098-69-7586	jjjj	036	03-SS
00273	Shirley	Stephens	231-34-1282	jjjj	007	03-SS
00274	Michael	Taylor	262-82-7586	jjjj	023	03-SS
00275	Megan	Carter	137-79-9921	jjjj	041	03-SS
00276	April	Flores	830-21-6449	jjjj	054	03-SS
00277	Amanda	Wood	803-33-7235	jjjj	010	03-SS
00278	Teresa	Barnett	322-50-9743	jjjj	044	03-SS
00279	Jenny	George	746-34-8421	jjjj	003	03-SS
00280	Madeline	Reed	445-24-4505	jjjj	034	03-SS
00281	Cynthia	Watkins	892-76-1214	jjjj	028	03-SS
00282	Deborah	Perez	357-35-4094	jjjj	025	03-SS
00283	Christopher	Lucas	380-26-6619	jjjj	030	03-SS
00284	Jamie	Ramos	594-77-5672	jjjj	029	03-SS
00285	Kevin	Carter	619-99-0608	jjjj	024	03-SS
00286	Lisa	Baker	195-12-1151	jjjj	012	03-SS
00287	Gregory	Yang	147-57-7341	jjjj	001	03-SS
00288	Sara	Leon	239-22-7678	jjjj	038	03-SS
00289	John	Daugherty	897-73-4614	jjjj	030	03-SS
00290	Robert	Byrd	747-36-5697	jjjj	032	03-SS
00291	Jason	Mays	740-71-9588	jjjj	036	03-SS
00292	Christopher	Collins	515-59-1690	jjjj	036	03-SS
00293	Ashley	Porter	454-07-4095	jjjj	028	03-SS
00294	Robert	Shaw	827-71-8225	jjjj	006	03-SS
00295	Vanessa	Jensen	570-91-7894	jjjj	047	03-SS
00296	Eric	Hernandez	482-82-4423	jjjj	056	03-SS
00297	Carolyn	Ellis	802-02-0149	jjjj	028	03-SS
00298	Nicholas	Lee	467-72-3242	jjjj	054	03-SS
00299	Aaron	Riley	256-96-8299	jjjj	056	03-SS
00300	John	Turner	763-78-5891	jjjj	055	03-SS
09332	Nancy	Reyes	123-45-6789	f	999	99-HQ
11111	Nidhi	Sharma	544-88-3043	f	999	10-DM
22222	Erin	Cusick	440-42-1338	f	999	10-DM
33333	Anjou	Ahlborn-Kay	008-01-1011	f	999	10-DM
44444	Courtney	Cohan	540-24-2558	f	999	10-DM
55555	Kourtney	Young	017-05-3582	f	999	10-DM
\.


--
-- Data for Name: events; Type: TABLE DATA; Schema: public; Owner: vagrant
--

COPY events (event_id, "desc", date, store_id) FROM stdin;
1	Thanksgiving Day	2017-11-23 00:00:00	001
2	Thanksgiving Day	2017-11-23 00:00:00	003
3	Thanksgiving Day	2017-11-23 00:00:00	006
4	Thanksgiving Day	2017-11-23 00:00:00	007
5	Thanksgiving Day	2017-11-23 00:00:00	010
6	Thanksgiving Day	2017-11-23 00:00:00	011
7	Thanksgiving Day	2017-11-23 00:00:00	012
8	Thanksgiving Day	2017-11-23 00:00:00	016
9	Thanksgiving Day	2017-11-23 00:00:00	018
10	Thanksgiving Day	2017-11-23 00:00:00	020
11	Thanksgiving Day	2017-11-23 00:00:00	021
12	Thanksgiving Day	2017-11-23 00:00:00	023
13	Thanksgiving Day	2017-11-23 00:00:00	024
14	Thanksgiving Day	2017-11-23 00:00:00	025
15	Thanksgiving Day	2017-11-23 00:00:00	027
16	Thanksgiving Day	2017-11-23 00:00:00	028
17	Thanksgiving Day	2017-11-23 00:00:00	029
18	Thanksgiving Day	2017-11-23 00:00:00	030
19	Thanksgiving Day	2017-11-23 00:00:00	032
20	Thanksgiving Day	2017-11-23 00:00:00	033
21	Thanksgiving Day	2017-11-23 00:00:00	034
22	Thanksgiving Day	2017-11-23 00:00:00	035
23	Thanksgiving Day	2017-11-23 00:00:00	036
24	Thanksgiving Day	2017-11-23 00:00:00	037
25	Thanksgiving Day	2017-11-23 00:00:00	038
26	Thanksgiving Day	2017-11-23 00:00:00	039
27	Thanksgiving Day	2017-11-23 00:00:00	040
28	Thanksgiving Day	2017-11-23 00:00:00	041
29	Thanksgiving Day	2017-11-23 00:00:00	042
30	Thanksgiving Day	2017-11-23 00:00:00	044
31	Thanksgiving Day	2017-11-23 00:00:00	045
32	Thanksgiving Day	2017-11-23 00:00:00	047
33	Thanksgiving Day	2017-11-23 00:00:00	049
34	Thanksgiving Day	2017-11-23 00:00:00	051
35	Thanksgiving Day	2017-11-23 00:00:00	052
36	Thanksgiving Day	2017-11-23 00:00:00	054
37	Thanksgiving Day	2017-11-23 00:00:00	055
38	Thanksgiving Day	2017-11-23 00:00:00	056
39	Thanksgiving Day	2017-11-23 00:00:00	999
40	Black Friday	2017-11-24 00:00:00	001
41	Black Friday	2017-11-24 00:00:00	003
42	Black Friday	2017-11-24 00:00:00	006
43	Black Friday	2017-11-24 00:00:00	007
44	Black Friday	2017-11-24 00:00:00	010
45	Black Friday	2017-11-24 00:00:00	011
46	Black Friday	2017-11-24 00:00:00	012
47	Black Friday	2017-11-24 00:00:00	016
48	Black Friday	2017-11-24 00:00:00	018
49	Black Friday	2017-11-24 00:00:00	020
50	Black Friday	2017-11-24 00:00:00	021
51	Black Friday	2017-11-24 00:00:00	023
52	Black Friday	2017-11-24 00:00:00	024
53	Black Friday	2017-11-24 00:00:00	025
54	Black Friday	2017-11-24 00:00:00	027
55	Black Friday	2017-11-24 00:00:00	028
56	Black Friday	2017-11-24 00:00:00	029
57	Black Friday	2017-11-24 00:00:00	030
58	Black Friday	2017-11-24 00:00:00	032
59	Black Friday	2017-11-24 00:00:00	033
60	Black Friday	2017-11-24 00:00:00	034
61	Black Friday	2017-11-24 00:00:00	035
62	Black Friday	2017-11-24 00:00:00	036
63	Black Friday	2017-11-24 00:00:00	037
64	Black Friday	2017-11-24 00:00:00	038
65	Black Friday	2017-11-24 00:00:00	039
66	Black Friday	2017-11-24 00:00:00	040
67	Black Friday	2017-11-24 00:00:00	041
68	Black Friday	2017-11-24 00:00:00	042
69	Black Friday	2017-11-24 00:00:00	044
70	Black Friday	2017-11-24 00:00:00	045
71	Black Friday	2017-11-24 00:00:00	047
72	Black Friday	2017-11-24 00:00:00	049
73	Black Friday	2017-11-24 00:00:00	051
74	Black Friday	2017-11-24 00:00:00	052
75	Black Friday	2017-11-24 00:00:00	054
76	Black Friday	2017-11-24 00:00:00	055
77	Black Friday	2017-11-24 00:00:00	056
78	Black Friday	2017-11-24 00:00:00	999
100	Let it Snow promo begins	2017-12-05 00:00:00	001
101	Let it Snow promo begins	2017-12-05 00:00:00	003
102	Let it Snow promo begins	2017-12-05 00:00:00	006
103	Let it Snow promo begins	2017-12-05 00:00:00	007
104	Let it Snow promo begins	2017-12-05 00:00:00	010
105	Let it Snow promo begins	2017-12-05 00:00:00	011
106	Let it Snow promo begins	2017-12-05 00:00:00	012
107	Let it Snow promo begins	2017-12-05 00:00:00	016
108	Let it Snow promo begins	2017-12-05 00:00:00	018
109	Let it Snow promo begins	2017-12-05 00:00:00	020
110	Let it Snow promo begins	2017-12-05 00:00:00	021
111	Let it Snow promo begins	2017-12-05 00:00:00	023
112	Let it Snow promo begins	2017-12-05 00:00:00	024
113	Let it Snow promo begins	2017-12-05 00:00:00	025
114	Let it Snow promo begins	2017-12-05 00:00:00	027
115	Let it Snow promo begins	2017-12-05 00:00:00	028
116	Let it Snow promo begins	2017-12-05 00:00:00	029
117	Let it Snow promo begins	2017-12-05 00:00:00	030
118	Let it Snow promo begins	2017-12-05 00:00:00	032
119	Let it Snow promo begins	2017-12-05 00:00:00	033
120	Let it Snow promo begins	2017-12-05 00:00:00	034
121	Let it Snow promo begins	2017-12-05 00:00:00	035
122	Let it Snow promo begins	2017-12-05 00:00:00	036
123	Let it Snow promo begins	2017-12-05 00:00:00	037
124	Let it Snow promo begins	2017-12-05 00:00:00	038
125	Let it Snow promo begins	2017-12-05 00:00:00	039
126	Let it Snow promo begins	2017-12-05 00:00:00	040
127	Let it Snow promo begins	2017-12-05 00:00:00	041
128	Let it Snow promo begins	2017-12-05 00:00:00	042
129	Let it Snow promo begins	2017-12-05 00:00:00	044
130	Let it Snow promo begins	2017-12-05 00:00:00	045
131	Let it Snow promo begins	2017-12-05 00:00:00	047
132	Let it Snow promo begins	2017-12-05 00:00:00	049
133	Let it Snow promo begins	2017-12-05 00:00:00	051
134	Let it Snow promo begins	2017-12-05 00:00:00	052
135	Let it Snow promo begins	2017-12-05 00:00:00	054
136	Let it Snow promo begins	2017-12-05 00:00:00	055
137	Let it Snow promo begins	2017-12-05 00:00:00	056
138	Let it Snow promo begins	2017-12-05 00:00:00	999
139	Let it Snow promo ends	2017-12-08 00:00:00	001
140	Let it Snow promo ends	2017-12-08 00:00:00	003
141	Let it Snow promo ends	2017-12-08 00:00:00	006
142	Let it Snow promo ends	2017-12-08 00:00:00	007
143	Let it Snow promo ends	2017-12-08 00:00:00	010
144	Let it Snow promo ends	2017-12-08 00:00:00	011
145	Let it Snow promo ends	2017-12-08 00:00:00	012
146	Let it Snow promo ends	2017-12-08 00:00:00	016
147	Let it Snow promo ends	2017-12-08 00:00:00	018
148	Let it Snow promo ends	2017-12-08 00:00:00	020
149	Let it Snow promo ends	2017-12-08 00:00:00	021
150	Let it Snow promo ends	2017-12-08 00:00:00	023
151	Let it Snow promo ends	2017-12-08 00:00:00	024
152	Let it Snow promo ends	2017-12-08 00:00:00	025
153	Let it Snow promo ends	2017-12-08 00:00:00	027
154	Let it Snow promo ends	2017-12-08 00:00:00	028
155	Let it Snow promo ends	2017-12-08 00:00:00	029
156	Let it Snow promo ends	2017-12-08 00:00:00	030
157	Let it Snow promo ends	2017-12-08 00:00:00	032
158	Let it Snow promo ends	2017-12-08 00:00:00	033
159	Let it Snow promo ends	2017-12-08 00:00:00	034
160	Let it Snow promo ends	2017-12-08 00:00:00	035
161	Let it Snow promo ends	2017-12-08 00:00:00	036
162	Let it Snow promo ends	2017-12-08 00:00:00	037
163	Let it Snow promo ends	2017-12-08 00:00:00	038
164	Let it Snow promo ends	2017-12-08 00:00:00	039
165	Let it Snow promo ends	2017-12-08 00:00:00	040
166	Let it Snow promo ends	2017-12-08 00:00:00	041
167	Let it Snow promo ends	2017-12-08 00:00:00	042
168	Let it Snow promo ends	2017-12-08 00:00:00	044
169	Let it Snow promo ends	2017-12-08 00:00:00	045
170	Let it Snow promo ends	2017-12-08 00:00:00	047
171	Let it Snow promo ends	2017-12-08 00:00:00	049
172	Let it Snow promo ends	2017-12-08 00:00:00	051
173	Let it Snow promo ends	2017-12-08 00:00:00	052
174	Let it Snow promo ends	2017-12-08 00:00:00	054
175	Let it Snow promo ends	2017-12-08 00:00:00	055
176	Let it Snow promo ends	2017-12-08 00:00:00	056
177	Let it Snow promo ends	2017-12-08 00:00:00	999
178	Holiday Contest Begins	2017-12-03 00:00:00	001
179	Holiday Contest Begins	2017-12-03 00:00:00	003
180	Holiday Contest Begins	2017-12-03 00:00:00	006
181	Holiday Contest Begins	2017-12-03 00:00:00	007
182	Holiday Contest Begins	2017-12-03 00:00:00	010
183	Holiday Contest Begins	2017-12-03 00:00:00	011
184	Holiday Contest Begins	2017-12-03 00:00:00	012
185	Holiday Contest Begins	2017-12-03 00:00:00	016
186	Holiday Contest Begins	2017-12-03 00:00:00	018
187	Holiday Contest Begins	2017-12-03 00:00:00	020
188	Holiday Contest Begins	2017-12-03 00:00:00	021
189	Holiday Contest Begins	2017-12-03 00:00:00	023
190	Holiday Contest Begins	2017-12-03 00:00:00	024
191	Holiday Contest Begins	2017-12-03 00:00:00	025
192	Holiday Contest Begins	2017-12-03 00:00:00	027
193	Holiday Contest Begins	2017-12-03 00:00:00	028
194	Holiday Contest Begins	2017-12-03 00:00:00	029
195	Holiday Contest Begins	2017-12-03 00:00:00	030
196	Holiday Contest Begins	2017-12-03 00:00:00	032
197	Holiday Contest Begins	2017-12-03 00:00:00	033
198	Holiday Contest Begins	2017-12-03 00:00:00	034
199	Holiday Contest Begins	2017-12-03 00:00:00	035
200	Holiday Contest Begins	2017-12-03 00:00:00	036
201	Holiday Contest Begins	2017-12-03 00:00:00	037
202	Holiday Contest Begins	2017-12-03 00:00:00	038
203	Holiday Contest Begins	2017-12-03 00:00:00	039
204	Holiday Contest Begins	2017-12-03 00:00:00	040
205	Holiday Contest Begins	2017-12-03 00:00:00	041
206	Holiday Contest Begins	2017-12-03 00:00:00	042
207	Holiday Contest Begins	2017-12-03 00:00:00	044
208	Holiday Contest Begins	2017-12-03 00:00:00	045
209	Holiday Contest Begins	2017-12-03 00:00:00	047
210	Holiday Contest Begins	2017-12-03 00:00:00	049
211	Holiday Contest Begins	2017-12-03 00:00:00	051
212	Holiday Contest Begins	2017-12-03 00:00:00	052
213	Holiday Contest Begins	2017-12-03 00:00:00	054
214	Holiday Contest Begins	2017-12-03 00:00:00	055
215	Holiday Contest Begins	2017-12-03 00:00:00	056
216	Holiday Contest Begins	2017-12-03 00:00:00	999
\.


--
-- Name: events_event_id_seq; Type: SEQUENCE SET; Schema: public; Owner: vagrant
--

SELECT pg_catalog.setval('events_event_id_seq', 216, true);


--
-- Data for Name: positions; Type: TABLE DATA; Schema: public; Owner: vagrant
--

COPY positions (pos_id, title) FROM stdin;
02-AM	Assistant Manager
10-DM	District Manager
01-SM	Store Manager
03-SS	Sales Associate
99-HQ	Corporate Admin
\.


--
-- Data for Name: posts; Type: TABLE DATA; Schema: public; Owner: vagrant
--

COPY posts (post_id, title, date, text, emp_id, cat_id, pdf_url) FROM stdin;
20171122232732	Welcome to Storenet	2017-11-22 23:27:32.027561	Lorem ipsum dolor sit amet, consectetur adipiscing elit. In tincidunt fermentum hendrerit. Nulla ex neque, finibus quis risus vel, accumsan aliquet ipsum. Proin lacus diam, sagittis quis risus ac, vehicula porttitor sem. Aenean vestibulum pulvinar dolor ac scelerisque. Etiam vitae dictum orci. Cras venenatis tristique efficitur. Proin vulputate pretium ex vitae semper. Vestibulum ante ipsum primis in faucibus orci luctus et ultrices posuere cubilia Curae; Donec vitae sapien sit amet justo mollis luctus non nec dolor. Quisque semper orci nec nunc vehicula, nec semper odio accumsan. Quisque finibus metus lectus, id lacinia mauris pharetra nec. Duis id lobortis massa.\r\n\r\n	09332	opr	\N
20171204015438	Markdowns for week 48	2017-12-04 01:54:38.684992	Mauris pellentesque tempor diam vitae ullamcorper. Vivamus interdum, orci eu viverra elementum, ligula nibh dapibus est, vel condimentum dui orci sed nisi. In et nunc lorem. Pellentesque consectetur est vel lacus varius tristique. Duis at tristique metus. Mauris ultricies risus diam, eu lobortis erat viverra viverra. In hac habitasse platea dictumst.	09332	mds	/static/pdf/2017.12.03_Markdowns_for_week_48.pdf
20171204040122	Discount Code Abuse	2017-12-04 04:01:22.294133	Nunc aliquam dui id quam pulvinar, id cursus mauris volutpat. Aliquam sem eros, imperdiet nec sagittis in, blandit vitae ante. Pellentesque habitant morbi tristique senectus et netus et malesuada fames ac turpis egestas. Proin cursus interdum nibh. Mauris congue eros at lacinia dictum. Curabitur id maximus felis. Proin id turpis ut sapien congue dictum in in orci. Curabitur posuere ornare ligula nec viverra. Praesent semper sapien nec nisi feugiat, id suscipit enim rutrum. Nulla vel massa leo. Nullam elementum ante et enim aliquet, dapibus consectetur velit tristique.	09332	hrp	\N
20171204063110	RTV - Jessica Satin Dress	2017-12-04 06:31:10.266866	Nunc aliquam dui id quam pulvinar, id cursus mauris volutpat. Aliquam sem eros, imperdiet nec sagittis in, blandit vitae ante. Pellentesque habitant morbi tristique senectus et netus et malesuada fames ac turpis egestas. \r\n\r\nProin cursus interdum nibh. Mauris congue eros at lacinia dictum. Curabitur id maximus felis. Proin id turpis ut sapien congue dictum in in orci. Curabitur posuere ornare ligula nec viverra. Praesent semper sapien nec nisi feugiat, id suscipit enim rutrum. Nulla vel massa leo. Nullam elementum ante et enim aliquet, dapibus consectetur velit tristique.\r\n\r\n	09332	opr	\N
\.


--
-- Data for Name: stores; Type: TABLE DATA; Schema: public; Owner: vagrant
--

COPY stores (store_id, name, address, city, state, zipcode, phone, district_id) FROM stdin;
001	Union Street	2095 Union St.	San Francisco	CA	94123	415-563-2323	D05
003	Valley Fair	2855 Stevens Creek Blvd. #1117	Santa Clara	CA	95050	408-615-6700	D03
006	San Francisco Centre	865 Market St. #232	San Francisco	CA	94103	415-543-2323	D03
007	Arden Fair	1689 Arden Way #1066	Sacramento	CA	95815	916-920-2323	D01
010	Sherman Oaks Galleria	14006 Riverside Dr. #23	Sherman Oaks	CA	91423	818-906-2323	D03
011	Brea	1104A Brea Mall	Brea	CA	92821	714-529-2323	D01
012	Newport Fashion Island	811 Newport Center Dr.	Newport Beach	CA	92660	949-719-2323	D01
016	Scottsdale Fashion Square	7014 E Camelback Rd. #1124	Scottsdale	AZ	85251	480-421-1444	D03
018	Forum Shops at Ceasers	3500 S Las Vegas Blvd. #G19	Las Vegas	NV	89109	702-735-8885	D05
020	Topanga Plaza	6600 Topanga Canyon Blvd. #1080	Canoga Park	CA	91303	818-712-6924	D05
021	Somerset Collection	2801 Big Beaver Rd. #C121	Troy	MI	48084	248-643-1910	D01
023	The Gardens Mall	3103 PGA Blvd. #F-121	Palm Beach Gardens	FL	33410	561-622-2323	D03
024	Phipps Plaza	3500 Peachtree Rd. NE #A10	Atlanta	GA	30326	404-261-8345	D03
025	Fashion Centre at Pentagon City	100 S Hayes St. #S9	Arlington	VA	22202	703-415-2323	D03
027	Roosevelt Field	630 Old County Rd. #2040	Garden City	NY	11530	516-877-2323	D05
028	Glendale Galleria	2105 Glendale Galleria	Glendale	CA	91210	818-551-0887	D01
029	MainPlace	2800 N Main St. #344	Santa Ana	CA	92705	714-543-2323	D04
030	South Bay Galleria	1815 S Hawthorne Blvd. #134	Redondo Beach	CA	90278	310-370-5353	D01
032	Fifth Avenue	100 Fifth Ave.	New York	NY	10011	212-675-2323	D03
033	Northbrook Court	2108 Northbrook Ct.	Northbrook	IL	60062	847-509-8080	D01
034	Hillsdale	108 Hillsdale Mall #1386	San Mateo	CA	94403	650-574-1234	D04
035	Aventura	19575 Biscayne Blvd. #221	Miami	FL	33180	305-692-4573	D04
036	Houston Galleria	5015 Westheimer Rd. #2370	Houston	TX	77056	713-622-2113	D03
037	Twelve Oaks	27918 Novi Rd.	Novi	MI	48377	248-305-5900	D03
038	(Galleria) Dallas	13350 Dallas Pkwy. #1345	Dallas	TX	75240	972-490-7336	D03
039	Kenwood Towne Centre	7875 Montogomery Rd. #R-25	Cincinnati	OH	45236	513-891-5588	D03
040	(Town Center at) Boca Raton	6000 Glades Rd. #1081	Boca Raton	FL	33431	561-362-9797	D05
041	Natick	1245 Worcester St. #1052	Natick	MA	01760	508-647-1802	D05
042	Beverly Center	8500 Beverly Rd. #615	Los Angeles	CA	90048	310-360-7330	D04
044	(The Fashion Mall at) Keystone	8702 Keystone Crossing #1080A	Indianapolis	IN	46240	317-844-7230	D01
045	(The Galleria at) Fort Lauderdale	2460 E Sunrise Blvd.	Fort Lauderdale	FL	33304	954-563-3030	D02
047	Cumberland Mall	1215 Cumberland Mall	Atlanta	GA	30339	770-319-8118	D05
049	Ala Moana Center	1450 Ala Moana Blvd. #2021	Honolulu	HI	96814	808-946-2323	D04
051	Montgomery Mall 	7101 Democracy Blvd. #1232	Bethesda	MD	20817	301-469-0174	D04
052	Annapolis	1852 Annapolis Mall #1472	Annapolis	MD	21401	410-224-3032	D01
054	Brandon Town Center	904 Brandon Town Center Mall 	Brandon	FL	33511	813-653-2923	D01
055	Southpark	4400 Sharon Rd. #E13A	Charlotte	NC	28211	704-442-0052	D05
056	Burlington	75 Middlesex Turnpike	Burlington	MA	01803	781-272-9501	D01
999	Corporate Headquarters	400 Valley Drive	Brisbane	CA	94005	(415) 555-1234	D99
\.


--
-- Data for Name: tasks; Type: TABLE DATA; Schema: public; Owner: vagrant
--

COPY tasks (task_id, post_id, store_id, emp_id, "desc", assigned_date, deadline, is_complete, complete_date) FROM stdin;
55	20171204063110	025	00026	Complete Jessica Dress RTV	2017-12-04 06:31:10.266866	2017-12-09 00:00:00	t	2017-12-04 06:34:09.341982
53	20171204063110	023	00049	Complete Jessica Dress RTV	2017-12-04 06:31:10.266866	2017-12-09 00:00:00	f	\N
41	20171204015438	999	09332	Complete Markdowns	2017-12-04 01:54:38.684992	2017-12-06 00:00:00	t	2017-12-04 06:08:41.858486
42	20171204063110	001	\N	Complete Jessica Dress RTV	2017-12-04 06:31:10.266866	2017-12-09 00:00:00	f	\N
43	20171204063110	003	\N	Complete Jessica Dress RTV	2017-12-04 06:31:10.266866	2017-12-09 00:00:00	f	\N
44	20171204063110	006	\N	Complete Jessica Dress RTV	2017-12-04 06:31:10.266866	2017-12-09 00:00:00	f	\N
45	20171204063110	007	\N	Complete Jessica Dress RTV	2017-12-04 06:31:10.266866	2017-12-09 00:00:00	f	\N
46	20171204063110	010	\N	Complete Jessica Dress RTV	2017-12-04 06:31:10.266866	2017-12-09 00:00:00	f	\N
47	20171204063110	011	\N	Complete Jessica Dress RTV	2017-12-04 06:31:10.266866	2017-12-09 00:00:00	f	\N
48	20171204063110	012	\N	Complete Jessica Dress RTV	2017-12-04 06:31:10.266866	2017-12-09 00:00:00	f	\N
49	20171204063110	016	\N	Complete Jessica Dress RTV	2017-12-04 06:31:10.266866	2017-12-09 00:00:00	f	\N
50	20171204063110	018	\N	Complete Jessica Dress RTV	2017-12-04 06:31:10.266866	2017-12-09 00:00:00	f	\N
51	20171204063110	020	\N	Complete Jessica Dress RTV	2017-12-04 06:31:10.266866	2017-12-09 00:00:00	f	\N
52	20171204063110	021	\N	Complete Jessica Dress RTV	2017-12-04 06:31:10.266866	2017-12-09 00:00:00	f	\N
54	20171204063110	024	\N	Complete Jessica Dress RTV	2017-12-04 06:31:10.266866	2017-12-09 00:00:00	f	\N
56	20171204063110	027	\N	Complete Jessica Dress RTV	2017-12-04 06:31:10.266866	2017-12-09 00:00:00	f	\N
57	20171204063110	028	\N	Complete Jessica Dress RTV	2017-12-04 06:31:10.266866	2017-12-09 00:00:00	f	\N
58	20171204063110	029	\N	Complete Jessica Dress RTV	2017-12-04 06:31:10.266866	2017-12-09 00:00:00	f	\N
59	20171204063110	030	\N	Complete Jessica Dress RTV	2017-12-04 06:31:10.266866	2017-12-09 00:00:00	f	\N
60	20171204063110	032	\N	Complete Jessica Dress RTV	2017-12-04 06:31:10.266866	2017-12-09 00:00:00	f	\N
61	20171204063110	033	\N	Complete Jessica Dress RTV	2017-12-04 06:31:10.266866	2017-12-09 00:00:00	f	\N
62	20171204063110	034	\N	Complete Jessica Dress RTV	2017-12-04 06:31:10.266866	2017-12-09 00:00:00	f	\N
63	20171204063110	035	\N	Complete Jessica Dress RTV	2017-12-04 06:31:10.266866	2017-12-09 00:00:00	f	\N
64	20171204063110	036	\N	Complete Jessica Dress RTV	2017-12-04 06:31:10.266866	2017-12-09 00:00:00	f	\N
65	20171204063110	037	\N	Complete Jessica Dress RTV	2017-12-04 06:31:10.266866	2017-12-09 00:00:00	f	\N
66	20171204063110	038	\N	Complete Jessica Dress RTV	2017-12-04 06:31:10.266866	2017-12-09 00:00:00	f	\N
67	20171204063110	039	\N	Complete Jessica Dress RTV	2017-12-04 06:31:10.266866	2017-12-09 00:00:00	f	\N
68	20171204063110	040	\N	Complete Jessica Dress RTV	2017-12-04 06:31:10.266866	2017-12-09 00:00:00	f	\N
69	20171204063110	041	\N	Complete Jessica Dress RTV	2017-12-04 06:31:10.266866	2017-12-09 00:00:00	f	\N
70	20171204063110	042	\N	Complete Jessica Dress RTV	2017-12-04 06:31:10.266866	2017-12-09 00:00:00	f	\N
71	20171204063110	044	\N	Complete Jessica Dress RTV	2017-12-04 06:31:10.266866	2017-12-09 00:00:00	f	\N
72	20171204063110	045	\N	Complete Jessica Dress RTV	2017-12-04 06:31:10.266866	2017-12-09 00:00:00	f	\N
73	20171204063110	047	\N	Complete Jessica Dress RTV	2017-12-04 06:31:10.266866	2017-12-09 00:00:00	f	\N
74	20171204063110	049	\N	Complete Jessica Dress RTV	2017-12-04 06:31:10.266866	2017-12-09 00:00:00	f	\N
75	20171204063110	051	\N	Complete Jessica Dress RTV	2017-12-04 06:31:10.266866	2017-12-09 00:00:00	f	\N
76	20171204063110	052	\N	Complete Jessica Dress RTV	2017-12-04 06:31:10.266866	2017-12-09 00:00:00	f	\N
77	20171204063110	054	\N	Complete Jessica Dress RTV	2017-12-04 06:31:10.266866	2017-12-09 00:00:00	f	\N
78	20171204063110	055	\N	Complete Jessica Dress RTV	2017-12-04 06:31:10.266866	2017-12-09 00:00:00	f	\N
79	20171204063110	056	\N	Complete Jessica Dress RTV	2017-12-04 06:31:10.266866	2017-12-09 00:00:00	f	\N
80	20171204063110	999	\N	Complete Jessica Dress RTV	2017-12-04 06:31:10.266866	2017-12-09 00:00:00	f	\N
\.


--
-- Name: tasks_task_id_seq; Type: SEQUENCE SET; Schema: public; Owner: vagrant
--

SELECT pg_catalog.setval('tasks_task_id_seq', 80, true);


--
-- Name: assigned_posts_pkey; Type: CONSTRAINT; Schema: public; Owner: vagrant
--

ALTER TABLE ONLY assigned_posts
    ADD CONSTRAINT assigned_posts_pkey PRIMARY KEY (assigned_post_id);


--
-- Name: categories_pkey; Type: CONSTRAINT; Schema: public; Owner: vagrant
--

ALTER TABLE ONLY categories
    ADD CONSTRAINT categories_pkey PRIMARY KEY (cat_id);


--
-- Name: districts_pkey; Type: CONSTRAINT; Schema: public; Owner: vagrant
--

ALTER TABLE ONLY districts
    ADD CONSTRAINT districts_pkey PRIMARY KEY (district_id);


--
-- Name: employees_pkey; Type: CONSTRAINT; Schema: public; Owner: vagrant
--

ALTER TABLE ONLY employees
    ADD CONSTRAINT employees_pkey PRIMARY KEY (emp_id);


--
-- Name: events_pkey; Type: CONSTRAINT; Schema: public; Owner: vagrant
--

ALTER TABLE ONLY events
    ADD CONSTRAINT events_pkey PRIMARY KEY (event_id, "desc");


--
-- Name: positions_pkey; Type: CONSTRAINT; Schema: public; Owner: vagrant
--

ALTER TABLE ONLY positions
    ADD CONSTRAINT positions_pkey PRIMARY KEY (pos_id);


--
-- Name: posts_pkey; Type: CONSTRAINT; Schema: public; Owner: vagrant
--

ALTER TABLE ONLY posts
    ADD CONSTRAINT posts_pkey PRIMARY KEY (post_id);


--
-- Name: stores_pkey; Type: CONSTRAINT; Schema: public; Owner: vagrant
--

ALTER TABLE ONLY stores
    ADD CONSTRAINT stores_pkey PRIMARY KEY (store_id);


--
-- Name: tasks_pkey; Type: CONSTRAINT; Schema: public; Owner: vagrant
--

ALTER TABLE ONLY tasks
    ADD CONSTRAINT tasks_pkey PRIMARY KEY (task_id, post_id);


--
-- Name: assigned_posts_emp_id_fkey; Type: FK CONSTRAINT; Schema: public; Owner: vagrant
--

ALTER TABLE ONLY assigned_posts
    ADD CONSTRAINT assigned_posts_emp_id_fkey FOREIGN KEY (emp_id) REFERENCES employees(emp_id);


--
-- Name: assigned_posts_post_id_fkey; Type: FK CONSTRAINT; Schema: public; Owner: vagrant
--

ALTER TABLE ONLY assigned_posts
    ADD CONSTRAINT assigned_posts_post_id_fkey FOREIGN KEY (post_id) REFERENCES posts(post_id);


--
-- Name: employees_pos_id_fkey; Type: FK CONSTRAINT; Schema: public; Owner: vagrant
--

ALTER TABLE ONLY employees
    ADD CONSTRAINT employees_pos_id_fkey FOREIGN KEY (pos_id) REFERENCES positions(pos_id);


--
-- Name: employees_store_id_fkey; Type: FK CONSTRAINT; Schema: public; Owner: vagrant
--

ALTER TABLE ONLY employees
    ADD CONSTRAINT employees_store_id_fkey FOREIGN KEY (store_id) REFERENCES stores(store_id);


--
-- Name: events_store_id_fkey; Type: FK CONSTRAINT; Schema: public; Owner: vagrant
--

ALTER TABLE ONLY events
    ADD CONSTRAINT events_store_id_fkey FOREIGN KEY (store_id) REFERENCES stores(store_id);


--
-- Name: posts_cat_id_fkey; Type: FK CONSTRAINT; Schema: public; Owner: vagrant
--

ALTER TABLE ONLY posts
    ADD CONSTRAINT posts_cat_id_fkey FOREIGN KEY (cat_id) REFERENCES categories(cat_id);


--
-- Name: posts_emp_id_fkey; Type: FK CONSTRAINT; Schema: public; Owner: vagrant
--

ALTER TABLE ONLY posts
    ADD CONSTRAINT posts_emp_id_fkey FOREIGN KEY (emp_id) REFERENCES employees(emp_id);


--
-- Name: stores_district_id_fkey; Type: FK CONSTRAINT; Schema: public; Owner: vagrant
--

ALTER TABLE ONLY stores
    ADD CONSTRAINT stores_district_id_fkey FOREIGN KEY (district_id) REFERENCES districts(district_id);


--
-- Name: tasks_emp_id_fkey; Type: FK CONSTRAINT; Schema: public; Owner: vagrant
--

ALTER TABLE ONLY tasks
    ADD CONSTRAINT tasks_emp_id_fkey FOREIGN KEY (emp_id) REFERENCES employees(emp_id);


--
-- Name: tasks_post_id_fkey; Type: FK CONSTRAINT; Schema: public; Owner: vagrant
--

ALTER TABLE ONLY tasks
    ADD CONSTRAINT tasks_post_id_fkey FOREIGN KEY (post_id) REFERENCES posts(post_id);


--
-- Name: tasks_store_id_fkey; Type: FK CONSTRAINT; Schema: public; Owner: vagrant
--

ALTER TABLE ONLY tasks
    ADD CONSTRAINT tasks_store_id_fkey FOREIGN KEY (store_id) REFERENCES stores(store_id);


--
-- Name: public; Type: ACL; Schema: -; Owner: postgres
--

REVOKE ALL ON SCHEMA public FROM PUBLIC;
REVOKE ALL ON SCHEMA public FROM postgres;
GRANT ALL ON SCHEMA public TO postgres;
GRANT ALL ON SCHEMA public TO PUBLIC;


--
-- PostgreSQL database dump complete
--

