--
-- PostgreSQL database dump
--

-- Dumped from database version 9.5.7
-- Dumped by pg_dump version 9.5.7

SET statement_timeout = 0;
SET lock_timeout = 0;
SET client_encoding = 'UTF8';
SET standard_conforming_strings = on;
SET check_function_bodies = false;
SET client_min_messages = warning;
SET row_security = off;

--
-- Name: plpgsql; Type: EXTENSION; Schema: -; Owner: 
--

CREATE EXTENSION IF NOT EXISTS plpgsql WITH SCHEMA pg_catalog;


--
-- Name: EXTENSION plpgsql; Type: COMMENT; Schema: -; Owner: 
--

COMMENT ON EXTENSION plpgsql IS 'PL/pgSQL procedural language';


SET search_path = public, pg_catalog;

SET default_tablespace = '';

SET default_with_oids = false;

--
-- Name: action; Type: TABLE; Schema: public; Owner: vagrant
--

CREATE TABLE action (
    action_id integer NOT NULL,
    post_id character varying(11) NOT NULL,
    emp_id character varying(5),
    complete boolean
);


ALTER TABLE action OWNER TO vagrant;

--
-- Name: action_action_id_seq; Type: SEQUENCE; Schema: public; Owner: vagrant
--

CREATE SEQUENCE action_action_id_seq
    START WITH 1
    INCREMENT BY 1
    NO MINVALUE
    NO MAXVALUE
    CACHE 1;


ALTER TABLE action_action_id_seq OWNER TO vagrant;

--
-- Name: action_action_id_seq; Type: SEQUENCE OWNED BY; Schema: public; Owner: vagrant
--

ALTER SEQUENCE action_action_id_seq OWNED BY action.action_id;


--
-- Name: districts; Type: TABLE; Schema: public; Owner: vagrant
--

CREATE TABLE districts (
    district_id character varying(3) NOT NULL,
    name character varying(25) NOT NULL
);


ALTER TABLE districts OWNER TO vagrant;

--
-- Name: employees; Type: TABLE; Schema: public; Owner: vagrant
--

CREATE TABLE employees (
    emp_id character varying(5) NOT NULL,
    fname character varying(25) NOT NULL,
    lname character varying(25) NOT NULL,
    ssn character varying(11) NOT NULL,
    password character varying(5) NOT NULL,
    store_id character varying(3) NOT NULL,
    pos_id character varying(5) NOT NULL
);


ALTER TABLE employees OWNER TO vagrant;

--
-- Name: positions; Type: TABLE; Schema: public; Owner: vagrant
--

CREATE TABLE positions (
    pos_id character varying(5) NOT NULL,
    title character varying(25) NOT NULL
);


ALTER TABLE positions OWNER TO vagrant;

--
-- Name: posts; Type: TABLE; Schema: public; Owner: vagrant
--

CREATE TABLE posts (
    post_id character varying(11) NOT NULL,
    title character varying(75) NOT NULL,
    date timestamp without time zone NOT NULL,
    text text NOT NULL,
    emp_id character varying(5) NOT NULL
);


ALTER TABLE posts OWNER TO vagrant;

--
-- Name: read_receipt; Type: TABLE; Schema: public; Owner: vagrant
--

CREATE TABLE read_receipt (
    receipt_id integer NOT NULL,
    post_id character varying(11) NOT NULL,
    emp_id character varying(5) NOT NULL,
    was_read boolean NOT NULL
);


ALTER TABLE read_receipt OWNER TO vagrant;

--
-- Name: read_receipt_receipt_id_seq; Type: SEQUENCE; Schema: public; Owner: vagrant
--

CREATE SEQUENCE read_receipt_receipt_id_seq
    START WITH 1
    INCREMENT BY 1
    NO MINVALUE
    NO MAXVALUE
    CACHE 1;


ALTER TABLE read_receipt_receipt_id_seq OWNER TO vagrant;

--
-- Name: read_receipt_receipt_id_seq; Type: SEQUENCE OWNED BY; Schema: public; Owner: vagrant
--

ALTER SEQUENCE read_receipt_receipt_id_seq OWNED BY read_receipt.receipt_id;


--
-- Name: stores; Type: TABLE; Schema: public; Owner: vagrant
--

CREATE TABLE stores (
    store_id character varying(3) NOT NULL,
    name character varying(255) NOT NULL,
    address character varying(255) NOT NULL,
    phone character varying(14) NOT NULL,
    district_id character varying(3) NOT NULL
);


ALTER TABLE stores OWNER TO vagrant;

--
-- Name: action_id; Type: DEFAULT; Schema: public; Owner: vagrant
--

ALTER TABLE ONLY action ALTER COLUMN action_id SET DEFAULT nextval('action_action_id_seq'::regclass);


--
-- Name: receipt_id; Type: DEFAULT; Schema: public; Owner: vagrant
--

ALTER TABLE ONLY read_receipt ALTER COLUMN receipt_id SET DEFAULT nextval('read_receipt_receipt_id_seq'::regclass);


--
-- Data for Name: action; Type: TABLE DATA; Schema: public; Owner: vagrant
--

COPY action (action_id, post_id, emp_id, complete) FROM stdin;
\.


--
-- Name: action_action_id_seq; Type: SEQUENCE SET; Schema: public; Owner: vagrant
--

SELECT pg_catalog.setval('action_action_id_seq', 1, false);


--
-- Data for Name: districts; Type: TABLE DATA; Schema: public; Owner: vagrant
--

COPY districts (district_id, name) FROM stdin;
D05	Southeast
D04	Northeast
D03	Midwest
D02	Southwest
D01	Northwest
ALL	All Stores
D99	Corporate HQ
\.


--
-- Data for Name: employees; Type: TABLE DATA; Schema: public; Owner: vagrant
--

COPY employees (emp_id, fname, lname, ssn, password, store_id, pos_id) FROM stdin;
07133	Michael	Lopez	286-18-7095	7095L	002	02-AM
18805	Larry	Blevins	397-72-7614	7614B	014	02-AM
37623	Elizabeth	Robinson	746-54-6814	6814R	003	02-AM
58156	Billy	Jenkins	326-58-6679	6679J	006	02-AM
16639	Nicole	Ortega	730-62-5939	5939O	007	02-AM
46559	Erika	Carpenter	645-62-2081	2081C	022	02-AM
77580	Lauren	Petersen	822-51-6164	6164P	014	02-AM
43401	Amanda	Cain	455-15-2343	2343C	004	02-AM
05187	Dana	Hudson	787-64-5827	5827H	001	02-AM
92015	Vanessa	Carter	610-57-5604	5604C	009	02-AM
40298	Walter	Woodward	499-67-5327	5327W	022	02-AM
79035	Michael	Fox	079-63-8789	8789F	006	02-AM
60727	Patrick	Green	880-63-4376	4376G	014	01-SM
19099	Herbert	Cooke	098-23-1082	1082C	011	02-AM
06071	Joshua	Gillespie	554-69-0055	0055G	007	02-AM
69493	Raymond	Knight	665-38-9498	9498K	019	02-AM
86858	William	Harper	811-30-0334	0334H	021	02-AM
20105	Amy	Hall	877-86-7830	7830H	002	02-AM
50418	Donna	Washington	136-50-1734	1734W	023	02-AM
67650	Amanda	Reed	646-66-0346	0346R	007	01-SM
75657	Nicholas	Kaiser	744-53-0760	0760K	007	03-SS
30487	Samantha	Adams	806-50-9097	9097A	006	01-SM
14785	Jennifer	Palmer	856-91-2122	2122P	002	01-SM
60933	Adam	Moore	897-12-0392	0392M	015	02-AM
79778	Jessica	Arias	740-83-6779	6779A	006	03-SS
75733	Jason	Abbott	452-41-4986	4986A	015	02-AM
33055	Erik	Smith	570-88-1598	1598S	022	01-SM
83269	David	Choi	681-57-0112	0112C	007	03-SS
52224	Stacy	Rodriguez	353-84-4343	4343R	015	01-SM
02346	Jeremy	Tran	857-30-2667	2667T	003	02-AM
67083	James	Edwards	097-99-9266	9266E	021	02-AM
11327	David	Rogers	894-22-4855	4855R	011	02-AM
67740	Ruth	Norman	872-82-8086	8086N	009	02-AM
48922	Joshua	Robinson	584-47-4773	4773R	014	03-SS
11708	Heather	Garcia	157-16-5455	5455G	012	02-AM
13501	Nancy	Cunningham	039-02-4236	4236C	016	02-AM
94729	Evan	Clark	074-68-4853	4853C	007	03-SS
36908	Stephen	Stewart	434-93-9840	9840S	001	02-AM
37498	Deborah	Bailey	677-26-9252	9252B	003	01-SM
01314	Kristine	Cardenas	234-11-1983	1983C	005	02-AM
05186	Brian	Li	056-40-8702	8702L	004	02-AM
71550	Willie	Miller	595-17-5914	5914M	001	01-SM
22676	Virginia	Aguilar	384-37-9737	9737A	007	03-SS
18971	Ryan	Miller	237-33-8364	8364M	001	03-SS
37628	Luis	Wood	460-90-4103	4103W	019	02-AM
48887	Cameron	Graves	262-85-4435	4435G	018	02-AM
29043	Justin	Christensen	594-49-7329	7329C	014	03-SS
05438	Ryan	Robbins	514-42-6987	6987R	015	03-SS
80264	Jonathan	Thomas	460-49-4681	4681T	017	02-AM
80519	Daniel	Holmes	295-18-5777	5777H	003	03-SS
51600	Jeremy	Rice	284-46-8134	8134R	015	03-SS
82032	Jeanne	Deleon	265-13-5570	5570D	011	01-SM
20028	Lisa	Perry	481-53-2140	2140P	003	03-SS
53327	Benjamin	Reese	664-82-9553	9553R	016	02-AM
38774	Robert	Johnson	673-14-9953	9953J	019	01-SM
75801	Melissa	Frank	577-96-7059	7059F	002	03-SS
90124	Barbara	Garcia	560-24-8179	8179G	021	01-SM
15332	Brian	Wolf	128-33-9492	9492W	011	03-SS
39001	Brianna	Anderson	100-47-6073	6073A	008	02-AM
04924	Blake	Parker	136-37-3906	3906P	019	03-SS
81782	David	Little	535-53-7701	7701L	018	02-AM
41667	Nicole	Smith	095-41-4072	4072S	023	02-AM
25842	Donald	Perry	242-99-2445	2445P	023	01-SM
76743	Ana	Patel	444-32-7090	7090P	022	03-SS
32842	James	Madden	861-51-4510	4510M	017	02-AM
92548	Grant	Wilson	514-08-6227	6227W	013	02-AM
35370	Erin	Dominguez	673-54-3426	3426D	009	01-SM
98694	Sandra	Lawson	323-38-3051	3051L	001	03-SS
60164	Jason	Lopez	290-16-3097	3097L	024	02-AM
88526	David	Jensen	558-41-2754	2754J	006	03-SS
10221	Rhonda	Dunlap	718-71-2164	2164D	021	03-SS
30553	William	Norman	222-28-7020	7020N	010	02-AM
10615	Theodore	Campbell	012-67-6694	6694C	019	03-SS
68223	Robert	Moon	855-34-2615	2615M	002	03-SS
49793	Rachael	Williams	039-07-2116	2116W	010	02-AM
49296	Richard	Johnson	679-91-4807	4807J	016	01-SM
33194	George	Hawkins	716-07-0797	0797H	012	02-AM
22166	Jerry	Cook	871-36-8213	8213C	020	02-AM
51924	Andrea	Smith	393-88-8559	8559S	014	03-SS
69044	James	Mcguire	519-10-7956	7956M	001	03-SS
82385	Sharon	Simon	827-31-9845	9845S	014	03-SS
94438	Michael	Martin	358-44-9979	9979M	024	02-AM
18921	Kelsey	Torres	036-32-2684	2684T	014	03-SS
24332	Jasmine	Parker	121-05-2910	2910P	010	01-SM
71121	April	Wong	872-52-4606	4606W	002	03-SS
15370	Michelle	Robinson	176-94-4607	4607R	008	02-AM
81881	Hunter	Yang	333-33-5819	5819Y	013	02-AM
89788	Dana	Lucas	345-60-3478	3478L	007	03-SS
02689	Scott	Mann	881-82-2958	2958M	014	03-SS
32895	Melinda	Hall	586-22-2382	2382H	001	03-SS
67311	Zachary	Snyder	790-11-7961	7961S	020	02-AM
08713	Bradley	Bean	767-71-8762	8762B	023	03-SS
93737	Joanne	Kline	041-68-8470	8470K	007	03-SS
71619	Victoria	Glass	749-56-7983	7983G	019	03-SS
70191	Kim	Clark	314-34-0043	0043C	020	01-SM
20583	Edward	Taylor	473-73-1781	1781T	010	03-SS
30295	Maria	Morton	645-02-1979	1979M	017	01-SM
70329	Michelle	Hale	773-99-0011	0011H	020	03-SS
14400	Michael	Day	825-47-8977	8977D	022	03-SS
30729	Mary	Combs	172-43-8506	8506C	002	03-SS
07161	Melissa	Howard	849-99-5098	5098H	012	01-SM
97298	Mark	Sawyer	252-57-8894	8894S	006	03-SS
53511	Debbie	Floyd	168-30-6565	6565F	014	03-SS
54679	Andrea	Kaiser	808-37-4772	4772K	009	03-SS
70538	David	Clay	195-09-9044	9044C	018	01-SM
50420	Stephanie	Flores	693-76-7923	7923F	008	01-SM
34186	Stephanie	Morales	756-57-2004	2004M	023	03-SS
67217	Lisa	Marsh	075-19-6155	6155M	007	03-SS
68934	Jon	Lopez	755-92-6926	6926L	005	02-AM
95741	Keith	Underwood	231-78-0683	0683U	012	03-SS
23855	Sarah	Haynes	358-32-4449	4449H	019	03-SS
15631	Melinda	Marquez	049-19-1840	1840M	022	03-SS
95463	William	Hudson	147-27-9279	9279H	005	01-SM
81950	Richard	Simpson	169-11-9575	9575S	004	01-SM
18564	Angela	Johnson	164-03-3429	3429J	019	03-SS
25032	Michael	Martin	056-97-1659	1659M	002	03-SS
25413	Kristen	Robertson	632-47-3605	3605R	007	03-SS
11127	Christina	Richardson	181-15-4469	4469R	022	03-SS
58605	Samantha	Johnson	518-82-9046	9046J	004	03-SS
38326	Linda	Cook	501-86-1056	1056C	024	01-SM
42846	Sheri	Wilson	795-25-2785	2785W	015	03-SS
47803	Jonathan	Young	159-69-8664	8664Y	007	03-SS
22302	Steven	Harris	244-64-8631	8631H	016	03-SS
42812	Carla	Hancock	750-72-9972	9972H	005	03-SS
71822	Megan	Davis	578-32-9068	9068D	010	03-SS
93027	Zachary	King	632-40-1076	1076K	005	03-SS
62540	Kristen	Bennett	541-88-8614	8614B	006	03-SS
90389	Calvin	Hall	413-31-1166	1166H	008	03-SS
66472	Gary	Gonzalez	180-24-2784	2784G	009	03-SS
63496	Brian	Boyd	566-46-6907	6907B	017	03-SS
57259	Michael	Fry	474-16-1390	1390F	007	03-SS
60546	Jose	Moore	138-45-9965	9965M	011	03-SS
41323	Jeremy	Burton	727-83-6650	6650B	021	03-SS
18395	David	Jones	351-67-8485	8485J	008	03-SS
35749	Kristen	Jones	886-46-7289	7289J	010	03-SS
54556	Mitchell	Fisher	542-95-9296	9296F	001	03-SS
24174	Karen	James	782-35-2201	2201J	024	03-SS
82289	Ryan	Clark	359-12-4456	4456C	021	03-SS
68268	Brent	Miller	590-73-8467	8467M	013	01-SM
40543	Laura	Meyer	730-91-2375	2375M	003	03-SS
92508	Brian	Camacho	173-82-8247	8247C	022	03-SS
00948	Daniel	Shannon	016-17-4729	4729S	011	03-SS
68191	Anthony	Simon	692-17-9878	9878S	004	03-SS
75302	George	Davis	835-75-9759	9759D	020	03-SS
17388	Christopher	Harris	163-95-8653	8653H	003	03-SS
25474	Douglas	Grant	033-35-7647	7647G	016	03-SS
90762	Caleb	Bennett	373-85-1751	1751B	010	03-SS
44431	Nicholas	Stephens	579-71-2287	2287S	006	03-SS
73156	Jade	Jimenez	044-16-4514	4514J	005	03-SS
85085	Heather	Beck	769-78-2342	2342B	015	03-SS
71267	Victor	Bennett	454-96-1034	1034B	012	03-SS
21561	David	Sexton	397-18-1355	1355S	023	03-SS
51388	Zachary	Ayers	754-47-8545	8545A	016	03-SS
04328	Cynthia	Boyd	645-06-1417	1417B	003	03-SS
83376	Michael	Anderson	149-23-9315	9315A	011	03-SS
95000	Sheila	Walton	854-83-8367	8367W	019	03-SS
64782	Donna	Davis	336-15-8249	8249D	007	03-SS
36269	Joseph	Jones	423-43-4770	4770J	023	03-SS
13143	Susan	Lee	089-51-9362	9362L	013	03-SS
23429	Randall	Norris	522-45-2007	2007N	009	03-SS
69572	Scott	Hartman	613-24-9894	9894H	022	03-SS
93107	Jacqueline	Walter	474-79-6319	6319W	023	03-SS
90008	Kerri	White	880-62-3831	3831W	021	03-SS
01277	Nathaniel	Lewis	598-14-5986	5986L	012	03-SS
82508	Frances	Franco	442-54-2873	2873F	020	03-SS
07116	Amber	Watkins	637-93-0791	0791W	023	03-SS
24490	Dylan	Marquez	716-48-0477	0477M	005	03-SS
86162	Richard	Farmer	473-40-7688	7688F	023	03-SS
26780	Meghan	King	061-02-2635	2635K	002	03-SS
88511	Debra	Hartman	825-68-9151	9151H	006	03-SS
01463	Mary	Mejia	270-25-3482	3482M	019	03-SS
36612	Melinda	Strickland	583-48-4952	4952S	024	03-SS
45781	Sara	Baird	117-30-7643	7643B	007	03-SS
52906	Mary	Gallagher	285-99-2163	2163G	005	03-SS
54507	Bill	Vaughn	125-70-2751	2751V	004	03-SS
06135	David	Henderson	544-75-8076	8076H	006	03-SS
38387	Allison	Gilbert	066-08-8072	8072G	006	03-SS
48726	Christy	Tran	463-06-2927	2927T	019	03-SS
29516	Lisa	Pennington	715-77-3620	3620P	005	03-SS
21025	Kelly	Knapp	897-10-7834	7834K	016	03-SS
99124	Ashley	Hayes	665-34-2060	2060H	005	03-SS
48009	Lisa	Armstrong	437-74-0623	0623A	005	03-SS
34023	Michelle	Mcclure	518-47-2647	2647M	023	03-SS
90546	Johnny	Blair	500-67-1072	1072B	018	03-SS
70610	Michele	Holt	686-28-5133	5133H	002	03-SS
04045	Jennifer	Ross	002-70-0606	0606R	017	03-SS
41856	Brianna	Davis	065-86-4017	4017D	008	03-SS
98930	Anna	Sanders	270-83-7468	7468S	009	03-SS
40619	Frank	Boone	568-47-7652	7652B	022	03-SS
29438	Donna	Parker	505-25-6669	6669P	004	03-SS
62768	Mark	White	870-45-0515	0515W	024	03-SS
28555	Jeffrey	Hart	663-55-3769	3769H	018	03-SS
43026	Annette	Carter	693-88-6602	6602C	022	03-SS
38741	Veronica	Ferrell	725-81-4522	4522F	006	03-SS
58209	John	Woodard	427-52-7607	7607W	007	03-SS
78123	Carolyn	Carlson	006-33-9077	9077C	012	03-SS
92454	Amanda	Carter	044-39-8822	8822C	024	03-SS
77913	Anthony	Patterson	892-29-2506	2506P	005	03-SS
87903	Marvin	Hicks	451-45-5198	5198H	005	03-SS
97207	Kim	Mcneil	410-54-4649	4649M	003	03-SS
30626	Katrina	Johnson	221-83-3154	3154J	008	03-SS
64010	Theresa	Hanson	544-88-3711	3711H	017	03-SS
41550	Matthew	Garcia	847-96-2798	2798G	018	03-SS
04005	Debra	Sanchez	399-09-3819	3819S	006	03-SS
38958	Alexander	King	280-44-2147	2147K	024	03-SS
30322	Margaret	Martinez	055-78-5216	5216M	002	03-SS
77871	Alexander	Anderson	620-95-6838	6838A	021	03-SS
54744	Brandi	Alvarado	181-35-8325	8325A	001	03-SS
23259	Tyler	Jenkins	357-85-5346	5346J	003	03-SS
72961	Tyler	Todd	021-21-6618	6618T	011	03-SS
56180	Joseph	Bird	402-43-1378	1378B	002	03-SS
75618	Amy	Werner	568-71-2770	2770W	016	03-SS
15523	Samantha	Buchanan	683-41-2607	2607B	001	03-SS
61651	Jack	Smith	173-59-1479	1479S	015	03-SS
19874	Joshua	George	611-93-8397	8397G	001	03-SS
96353	Danielle	Harvey	096-44-3408	3408H	009	03-SS
50564	Sarah	Burke	632-42-2331	2331B	022	03-SS
39718	Thomas	Spencer	616-69-8966	8966S	018	03-SS
89017	Ashley	Kerr	110-65-5527	5527K	023	03-SS
06493	Kimberly	Stevens	214-91-9037	9037S	001	03-SS
43892	Daniel	Olson	285-47-0168	0168O	019	03-SS
03193	William	Johnson	024-20-6811	6811J	010	03-SS
98723	Eric	Ortiz	313-72-2606	2606O	018	03-SS
35642	Alexandra	Bridges	245-33-6523	6523B	018	03-SS
17801	Troy	Bryant	350-60-2502	2502B	014	03-SS
50033	David	Lane	558-32-1684	1684L	006	03-SS
07562	Steve	Rollins	262-04-5838	5838R	005	03-SS
47671	Stephanie	Good	445-44-1741	1741G	016	03-SS
98644	Marcus	Vega	009-11-9603	9603V	020	03-SS
27451	Jillian	Hardy	871-51-2179	2179H	016	03-SS
77187	Ronald	Lopez	105-37-4933	4933L	005	03-SS
04016	Tom	Smith	728-59-2059	2059S	012	03-SS
82171	Samuel	Sanchez	407-99-7830	7830S	012	03-SS
04447	Jeremy	Thompson	558-72-0076	0076T	016	03-SS
71979	Traci	Lester	364-62-7756	7756L	021	03-SS
18113	Mary	Liu	701-56-0291	0291L	007	03-SS
53084	Theresa	Johnson	137-28-4337	4337J	023	03-SS
97841	Rebecca	Zavala	086-49-1967	1967Z	005	03-SS
05291	Kevin	Lane	371-99-3174	3174L	015	03-SS
15416	Raymond	Carter	333-81-2297	2297C	006	03-SS
22460	Michelle	Villanueva	792-56-8342	8342V	006	03-SS
89873	Jesse	Malone	886-81-8302	8302M	001	03-SS
33736	Emily	Lewis	711-08-9022	9022L	019	03-SS
56311	Emily	Stephens	692-56-0109	0109S	020	03-SS
49330	Michael	Beck	235-54-4708	4708B	011	03-SS
42852	Christina	Callahan	014-76-9001	9001C	010	03-SS
23658	Lisa	Welch	817-13-7001	7001W	015	03-SS
61602	Michael	Farrell	537-96-5461	5461F	017	03-SS
42903	Richard	Lutz	314-32-9777	9777L	008	03-SS
49441	Christian	Cain	608-26-1670	1670C	006	03-SS
04915	Alyssa	Morris	129-51-3319	3319M	001	03-SS
79305	Brandon	Griffin	122-07-5524	5524G	021	03-SS
74390	Jenna	Jackson	204-41-5730	5730J	005	03-SS
44977	Daniel	Ewing	258-79-4721	4721E	022	03-SS
68939	Tammy	Hunter	406-55-3198	3198H	001	03-SS
51438	Linda	Kim	750-35-9305	9305K	021	03-SS
65444	Caleb	Jacobs	194-95-5707	5707J	002	03-SS
42091	Andrea	Jimenez	357-33-2296	2296J	022	03-SS
56753	Dylan	Mendez	137-12-2014	2014M	004	03-SS
50787	John	Koch	418-96-5344	5344K	012	03-SS
30111	Charles	Miller	382-30-7258	7258M	008	03-SS
05623	Steven	Crane	049-14-8072	8072C	009	03-SS
16695	Paul	Baker	486-64-9892	9892B	023	03-SS
94110	Susan	Adams	867-22-9634	9634A	014	03-SS
03204	Christine	King	316-34-1132	1132K	005	03-SS
03130	Jeffrey	Williams	366-88-6703	6703W	003	03-SS
98604	Martin	Scott	536-27-5637	5637S	005	03-SS
60809	Stephanie	Rodriguez	653-32-6100	6100R	004	03-SS
42679	Richard	Mills	305-10-8702	8702M	020	03-SS
78325	Jason	Jones	424-76-0183	0183J	011	03-SS
64133	Leonard	Nelson	645-32-2153	2153N	024	03-SS
54623	Richard	Newman	255-21-5100	5100N	015	03-SS
64047	Brandon	Hernandez	815-11-7118	7118H	021	03-SS
27125	Michael	Moreno	485-78-4971	4971M	008	03-SS
94039	Jill	Stevens	028-88-2329	2329S	012	03-SS
80552	Karen	Smith	701-98-9935	9935S	017	03-SS
86766	Dawn	Jones	065-22-8925	8925J	001	03-SS
09112	Holly	Turner	837-80-3868	3868T	020	03-SS
53288	Russell	Garcia	229-52-4511	4511G	008	03-SS
47971	Joseph	Thompson	057-57-0036	0036T	017	03-SS
74464	Andrew	Mcguire	844-84-4683	4683M	016	03-SS
17236	Miguel	Mora	089-56-5466	5466M	002	03-SS
07773	Paul	Cooper	216-93-3359	3359C	019	03-SS
09197	Heather	Khan	285-91-3813	3813K	011	03-SS
65151	Julia	Dyer	202-29-6168	6168D	022	03-SS
70743	Mary	Gregory	208-61-5960	5960G	024	03-SS
11393	Brandon	Hayes	106-41-6672	6672H	004	03-SS
14666	Steven	Scott	129-70-9426	9426S	024	03-SS
62576	Jon	Sanford	239-18-5508	5508S	019	03-SS
09324	Mark	Li	482-50-3388	3388L	005	03-SS
86291	Scott	Ferguson	348-94-9141	9141F	011	03-SS
76150	James	Castaneda	725-09-3080	3080C	023	03-SS
59340	Jessica	Davis	508-34-5981	5981D	007	03-SS
22118	Julia	Walker	015-39-1705	1705W	018	03-SS
08770	Dave	Delacruz	750-96-3373	3373D	020	03-SS
26611	Megan	Walker	868-42-6686	6686W	013	03-SS
96991	Taylor	Pope	826-08-2453	2453P	005	03-SS
73142	Steven	Knapp	153-36-2649	2649K	010	03-SS
92140	Cynthia	Hester	698-76-4118	4118H	017	03-SS
11165	David	Mendoza	556-25-9540	9540M	004	03-SS
09332	Nancy	Reyes	123-45-6789	f	999	99-HQ
55132	Nidhi	Sharma	343-61-1712	f	999	10-DM
32753	Erin	Cusick	002-01-5822	f	999	10-DM
68098	Anjou	Ahlborn-Kay	052-44-5959	f	999	10-DM
74850	Courtney	Cohan	316-90-4712	f	999	10-DM
53892	John	Krasinski	112-15-6693	f	999	10-DM
\.


--
-- Data for Name: positions; Type: TABLE DATA; Schema: public; Owner: vagrant
--

COPY positions (pos_id, title) FROM stdin;
02-AM	Assistant Manager
10-DM	District Manager
01-SM	Store Manager
03-SS	Sales Associate
99-HQ	Corporate Admin
\.


--
-- Data for Name: posts; Type: TABLE DATA; Schema: public; Owner: vagrant
--

COPY posts (post_id, title, date, text, emp_id) FROM stdin;
20171110547	Organized needs-based Local Area Network	2017-11-10 05:47:34.754599	Molestiae fugit harum nam. Veniam perspiciatis perferendis perferendis. Commodi sunt eligendi praesentium.	09332
20171110550	Advanced solution-oriented throughput	2017-11-10 05:50:24.196197	Sunt aspernatur accusantium. Facilis quo accusamus. Nostrum esse eaque porro laborum veritatis nesciunt.	09332
2017111060	Stand-alone tertiary Internet solution	2017-11-10 06:00:31.220764	Dolorem autem placeat eos delectus ad. Impedit eligendi sint error optio ab quaerat. Quidem beatae vitae omnis blanditiis unde.	09332
2017111063	Decentralized 3rdgeneration encoding	2017-11-10 06:03:35.095218	Quisquam quis totam ullam ipsam.	09332
2017111064	Universal dynamic flexibility	2017-11-10 06:04:54.613852	Maxime itaque deleniti cumque voluptates asperiores consectetur nobis. Eveniet voluptates consectetur quod nulla perspiciatis suscipit. Possimus iste molestiae reprehenderit reiciendis veritatis. Iusto repellat praesentium.	09332
2017111069	Open-source intangible budgetary management	2017-11-10 06:09:34.332015	Harum molestias beatae ea iusto facere. Nostrum voluptatem aliquid ad quaerat eum. Illo facilis quos soluta sit.	09332
20171110616	Enterprise-wide systematic artificial intelligence	2017-11-10 06:16:36.14273	Id quos molestiae voluptatem voluptatem. Debitis accusantium labore maiores aliquam dicta asperiores animi.	09332
20171110650	Reactive user-facing data-warehouse	2017-11-10 06:50:28.24334	Eius voluptatum fuga id maxime nostrum debitis aliquid. Repellat libero officiis quidem.	09332
2017111070	Distributed 24hour orchestration	2017-11-10 07:00:08.567614	Ut expedita quod autem ex repudiandae eveniet perferendis. Ducimus repellendus tenetur ut non expedita fugiat. A ex provident modi sapiente.	09332
\.


--
-- Data for Name: read_receipt; Type: TABLE DATA; Schema: public; Owner: vagrant
--

COPY read_receipt (receipt_id, post_id, emp_id, was_read) FROM stdin;
2	2017111060	05187	f
3	2017111060	36908	f
4	2017111060	71550	f
5	2017111060	18971	f
6	2017111060	98694	f
7	2017111060	69044	f
8	2017111060	32895	f
9	2017111060	54556	f
10	2017111060	54744	f
11	2017111060	15523	f
12	2017111060	19874	f
13	2017111060	06493	f
14	2017111060	89873	f
15	2017111060	04915	f
16	2017111060	68939	f
17	2017111060	86766	f
18	2017111060	07133	f
19	2017111060	20105	f
20	2017111060	14785	f
21	2017111060	75801	f
22	2017111060	68223	f
23	2017111060	71121	f
24	2017111060	30729	f
25	2017111060	25032	f
26	2017111060	26780	f
27	2017111060	70610	f
28	2017111060	30322	f
29	2017111060	56180	f
30	2017111060	65444	f
31	2017111060	17236	f
32	2017111060	37623	f
33	2017111060	02346	f
34	2017111060	37498	f
35	2017111060	80519	f
36	2017111060	20028	f
37	2017111060	40543	f
38	2017111060	17388	f
39	2017111060	04328	f
40	2017111060	97207	f
41	2017111060	23259	f
42	2017111060	03130	f
43	2017111060	43401	f
44	2017111060	05186	f
45	2017111060	81950	f
46	2017111060	58605	f
47	2017111060	68191	f
48	2017111060	54507	f
49	2017111060	29438	f
50	2017111060	56753	f
51	2017111060	60809	f
52	2017111060	11393	f
53	2017111060	11165	f
54	2017111060	01314	f
55	2017111060	68934	f
56	2017111060	95463	f
57	2017111060	42812	f
58	2017111060	93027	f
59	2017111060	73156	f
60	2017111060	24490	f
61	2017111060	52906	f
62	2017111060	29516	f
63	2017111060	99124	f
64	2017111060	48009	f
65	2017111060	77913	f
66	2017111060	87903	f
67	2017111060	07562	f
68	2017111060	77187	f
69	2017111060	97841	f
70	2017111060	74390	f
71	2017111060	03204	f
72	2017111060	98604	f
73	2017111060	09324	f
74	2017111060	96991	f
75	2017111060	58156	f
76	2017111060	79035	f
77	2017111060	30487	f
78	2017111060	79778	f
79	2017111060	88526	f
80	2017111060	97298	f
81	2017111060	62540	f
82	2017111060	44431	f
83	2017111060	88511	f
84	2017111060	06135	f
85	2017111060	38387	f
86	2017111060	38741	f
87	2017111060	04005	f
88	2017111060	50033	f
89	2017111060	15416	f
90	2017111060	22460	f
91	2017111060	49441	f
92	2017111060	16639	f
93	2017111060	06071	f
94	2017111060	67650	f
95	2017111060	75657	f
96	2017111060	83269	f
97	2017111060	94729	f
98	2017111060	22676	f
99	2017111060	89788	f
100	2017111060	93737	f
101	2017111060	67217	f
102	2017111060	25413	f
103	2017111060	47803	f
104	2017111060	57259	f
105	2017111060	64782	f
106	2017111060	45781	f
107	2017111060	58209	f
108	2017111060	18113	f
109	2017111060	59340	f
110	2017111060	39001	f
111	2017111060	15370	f
112	2017111060	50420	f
113	2017111060	90389	f
114	2017111060	18395	f
115	2017111060	41856	f
116	2017111060	30626	f
117	2017111060	42903	f
118	2017111060	30111	f
119	2017111060	27125	f
120	2017111060	53288	f
121	2017111060	92015	f
122	2017111060	67740	f
123	2017111060	35370	f
124	2017111060	54679	f
125	2017111060	66472	f
126	2017111060	23429	f
127	2017111060	98930	f
128	2017111060	96353	f
129	2017111060	05623	f
130	2017111060	30553	f
131	2017111060	49793	f
132	2017111060	24332	f
133	2017111060	20583	f
134	2017111060	71822	f
135	2017111060	35749	f
136	2017111060	90762	f
137	2017111060	03193	f
138	2017111060	42852	f
139	2017111060	73142	f
140	2017111060	19099	f
141	2017111060	11327	f
142	2017111060	82032	f
143	2017111060	15332	f
144	2017111060	60546	f
145	2017111060	00948	f
146	2017111060	83376	f
147	2017111060	72961	f
148	2017111060	49330	f
149	2017111060	78325	f
150	2017111060	09197	f
151	2017111060	86291	f
152	2017111060	11708	f
153	2017111060	33194	f
154	2017111060	07161	f
155	2017111060	95741	f
156	2017111060	71267	f
157	2017111060	01277	f
158	2017111060	78123	f
159	2017111060	04016	f
160	2017111060	82171	f
161	2017111060	50787	f
162	2017111060	94039	f
163	2017111060	92548	f
164	2017111060	81881	f
165	2017111060	68268	f
166	2017111060	13143	f
167	2017111060	26611	f
168	2017111060	18805	f
169	2017111060	77580	f
170	2017111060	60727	f
171	2017111060	48922	f
172	2017111060	29043	f
173	2017111060	51924	f
174	2017111060	82385	f
175	2017111060	18921	f
176	2017111060	02689	f
177	2017111060	53511	f
178	2017111060	17801	f
179	2017111060	94110	f
180	2017111060	60933	f
181	2017111060	75733	f
182	2017111060	52224	f
183	2017111060	05438	f
184	2017111060	51600	f
185	2017111060	42846	f
186	2017111060	85085	f
187	2017111060	61651	f
188	2017111060	05291	f
189	2017111060	23658	f
190	2017111060	54623	f
191	2017111060	13501	f
192	2017111060	53327	f
193	2017111060	49296	f
194	2017111060	22302	f
195	2017111060	25474	f
196	2017111060	51388	f
197	2017111060	21025	f
198	2017111060	75618	f
199	2017111060	47671	f
200	2017111060	27451	f
201	2017111060	04447	f
202	2017111060	74464	f
203	2017111060	80264	f
204	2017111060	32842	f
205	2017111060	30295	f
206	2017111060	63496	f
207	2017111060	04045	f
208	2017111060	64010	f
209	2017111060	61602	f
210	2017111060	80552	f
211	2017111060	47971	f
212	2017111060	92140	f
213	2017111060	48887	f
214	2017111060	81782	f
215	2017111060	70538	f
216	2017111060	90546	f
217	2017111060	28555	f
218	2017111060	41550	f
219	2017111060	39718	f
220	2017111060	98723	f
221	2017111060	35642	f
222	2017111060	22118	f
223	2017111060	69493	f
224	2017111060	37628	f
225	2017111060	38774	f
226	2017111060	04924	f
227	2017111060	10615	f
228	2017111060	71619	f
229	2017111060	23855	f
230	2017111060	18564	f
231	2017111060	95000	f
232	2017111060	01463	f
233	2017111060	48726	f
234	2017111060	43892	f
235	2017111060	33736	f
236	2017111060	07773	f
237	2017111060	62576	f
238	2017111060	22166	f
239	2017111060	67311	f
240	2017111060	70191	f
241	2017111060	70329	f
242	2017111060	75302	f
243	2017111060	82508	f
244	2017111060	98644	f
245	2017111060	56311	f
246	2017111060	42679	f
247	2017111060	09112	f
248	2017111060	08770	f
249	2017111060	86858	f
250	2017111060	67083	f
251	2017111060	90124	f
252	2017111060	10221	f
253	2017111060	41323	f
254	2017111060	82289	f
255	2017111060	90008	f
256	2017111060	77871	f
257	2017111060	71979	f
258	2017111060	79305	f
259	2017111060	51438	f
260	2017111060	64047	f
261	2017111060	46559	f
262	2017111060	40298	f
263	2017111060	33055	f
264	2017111060	76743	f
265	2017111060	14400	f
266	2017111060	15631	f
267	2017111060	11127	f
268	2017111060	92508	f
269	2017111060	69572	f
270	2017111060	40619	f
271	2017111060	43026	f
272	2017111060	50564	f
273	2017111060	44977	f
274	2017111060	42091	f
275	2017111060	65151	f
276	2017111060	50418	f
277	2017111060	41667	f
278	2017111060	25842	f
279	2017111060	08713	f
280	2017111060	34186	f
281	2017111060	21561	f
282	2017111060	36269	f
283	2017111060	93107	f
284	2017111060	07116	f
285	2017111060	86162	f
286	2017111060	34023	f
287	2017111060	89017	f
288	2017111060	53084	f
289	2017111060	16695	f
290	2017111060	76150	f
291	2017111060	60164	f
292	2017111060	94438	f
293	2017111060	38326	f
294	2017111060	24174	f
295	2017111060	36612	f
296	2017111060	62768	f
297	2017111060	92454	f
298	2017111060	38958	f
299	2017111060	64133	f
300	2017111060	70743	f
301	2017111060	14666	f
302	2017111060	09332	f
303	2017111060	55132	f
304	2017111060	32753	f
305	2017111060	68098	f
306	2017111060	74850	f
307	2017111060	53892	f
308	2017111063	05187	f
309	2017111063	36908	f
310	2017111063	71550	f
311	2017111063	18971	f
312	2017111063	98694	f
313	2017111063	69044	f
314	2017111063	32895	f
315	2017111063	54556	f
316	2017111063	54744	f
317	2017111063	15523	f
318	2017111063	19874	f
319	2017111063	06493	f
320	2017111063	89873	f
321	2017111063	04915	f
322	2017111063	68939	f
323	2017111063	86766	f
324	2017111063	07133	f
325	2017111063	20105	f
326	2017111063	14785	f
327	2017111063	75801	f
328	2017111063	68223	f
329	2017111063	71121	f
330	2017111063	30729	f
331	2017111063	25032	f
332	2017111063	26780	f
333	2017111063	70610	f
334	2017111063	30322	f
335	2017111063	56180	f
336	2017111063	65444	f
337	2017111063	17236	f
338	2017111063	37623	f
339	2017111063	02346	f
340	2017111063	37498	f
341	2017111063	80519	f
342	2017111063	20028	f
343	2017111063	40543	f
344	2017111063	17388	f
345	2017111063	04328	f
346	2017111063	97207	f
347	2017111063	23259	f
348	2017111063	03130	f
349	2017111063	43401	f
350	2017111063	05186	f
351	2017111063	81950	f
352	2017111063	58605	f
353	2017111063	68191	f
354	2017111063	54507	f
355	2017111063	29438	f
356	2017111063	56753	f
357	2017111063	60809	f
358	2017111063	11393	f
359	2017111063	11165	f
360	2017111063	01314	f
361	2017111063	68934	f
362	2017111063	95463	f
363	2017111063	42812	f
364	2017111063	93027	f
365	2017111063	73156	f
366	2017111063	24490	f
367	2017111063	52906	f
368	2017111063	29516	f
369	2017111063	99124	f
370	2017111063	48009	f
371	2017111063	77913	f
372	2017111063	87903	f
373	2017111063	07562	f
374	2017111063	77187	f
375	2017111063	97841	f
376	2017111063	74390	f
377	2017111063	03204	f
378	2017111063	98604	f
379	2017111063	09324	f
380	2017111063	96991	f
381	2017111063	58156	f
382	2017111063	79035	f
383	2017111063	30487	f
384	2017111063	79778	f
385	2017111063	88526	f
386	2017111063	97298	f
387	2017111063	62540	f
388	2017111063	44431	f
389	2017111063	88511	f
390	2017111063	06135	f
391	2017111063	38387	f
392	2017111063	38741	f
393	2017111063	04005	f
394	2017111063	50033	f
395	2017111063	15416	f
396	2017111063	22460	f
397	2017111063	49441	f
398	2017111063	16639	f
399	2017111063	06071	f
400	2017111063	67650	f
401	2017111063	75657	f
402	2017111063	83269	f
403	2017111063	94729	f
404	2017111063	22676	f
405	2017111063	89788	f
406	2017111063	93737	f
407	2017111063	67217	f
408	2017111063	25413	f
409	2017111063	47803	f
410	2017111063	57259	f
411	2017111063	64782	f
412	2017111063	45781	f
413	2017111063	58209	f
414	2017111063	18113	f
415	2017111063	59340	f
416	2017111063	39001	f
417	2017111063	15370	f
418	2017111063	50420	f
419	2017111063	90389	f
420	2017111063	18395	f
421	2017111063	41856	f
422	2017111063	30626	f
423	2017111063	42903	f
424	2017111063	30111	f
425	2017111063	27125	f
426	2017111063	53288	f
427	2017111063	92015	f
428	2017111063	67740	f
429	2017111063	35370	f
430	2017111063	54679	f
431	2017111063	66472	f
432	2017111063	23429	f
433	2017111063	98930	f
434	2017111063	96353	f
435	2017111063	05623	f
436	2017111063	30553	f
437	2017111063	49793	f
438	2017111063	24332	f
439	2017111063	20583	f
440	2017111063	71822	f
441	2017111063	35749	f
442	2017111063	90762	f
443	2017111063	03193	f
444	2017111063	42852	f
445	2017111063	73142	f
446	2017111063	19099	f
447	2017111063	11327	f
448	2017111063	82032	f
449	2017111063	15332	f
450	2017111063	60546	f
451	2017111063	00948	f
452	2017111063	83376	f
453	2017111063	72961	f
454	2017111063	49330	f
455	2017111063	78325	f
456	2017111063	09197	f
457	2017111063	86291	f
458	2017111063	11708	f
459	2017111063	33194	f
460	2017111063	07161	f
461	2017111063	95741	f
462	2017111063	71267	f
463	2017111063	01277	f
464	2017111063	78123	f
465	2017111063	04016	f
466	2017111063	82171	f
467	2017111063	50787	f
468	2017111063	94039	f
469	2017111063	92548	f
470	2017111063	81881	f
471	2017111063	68268	f
472	2017111063	13143	f
473	2017111063	26611	f
474	2017111063	18805	f
475	2017111063	77580	f
476	2017111063	60727	f
477	2017111063	48922	f
478	2017111063	29043	f
479	2017111063	51924	f
480	2017111063	82385	f
481	2017111063	18921	f
482	2017111063	02689	f
483	2017111063	53511	f
484	2017111063	17801	f
485	2017111063	94110	f
486	2017111063	60933	f
487	2017111063	75733	f
488	2017111063	52224	f
489	2017111063	05438	f
490	2017111063	51600	f
491	2017111063	42846	f
492	2017111063	85085	f
493	2017111063	61651	f
494	2017111063	05291	f
495	2017111063	23658	f
496	2017111063	54623	f
497	2017111063	13501	f
498	2017111063	53327	f
499	2017111063	49296	f
500	2017111063	22302	f
501	2017111063	25474	f
502	2017111063	51388	f
503	2017111063	21025	f
504	2017111063	75618	f
505	2017111063	47671	f
506	2017111063	27451	f
507	2017111063	04447	f
508	2017111063	74464	f
509	2017111063	80264	f
510	2017111063	32842	f
511	2017111063	30295	f
512	2017111063	63496	f
513	2017111063	04045	f
514	2017111063	64010	f
515	2017111063	61602	f
516	2017111063	80552	f
517	2017111063	47971	f
518	2017111063	92140	f
519	2017111063	48887	f
520	2017111063	81782	f
521	2017111063	70538	f
522	2017111063	90546	f
523	2017111063	28555	f
524	2017111063	41550	f
525	2017111063	39718	f
526	2017111063	98723	f
527	2017111063	35642	f
528	2017111063	22118	f
529	2017111063	69493	f
530	2017111063	37628	f
531	2017111063	38774	f
532	2017111063	04924	f
533	2017111063	10615	f
534	2017111063	71619	f
535	2017111063	23855	f
536	2017111063	18564	f
537	2017111063	95000	f
538	2017111063	01463	f
539	2017111063	48726	f
540	2017111063	43892	f
541	2017111063	33736	f
542	2017111063	07773	f
543	2017111063	62576	f
544	2017111063	22166	f
545	2017111063	67311	f
546	2017111063	70191	f
547	2017111063	70329	f
548	2017111063	75302	f
549	2017111063	82508	f
550	2017111063	98644	f
551	2017111063	56311	f
552	2017111063	42679	f
553	2017111063	09112	f
554	2017111063	08770	f
555	2017111063	86858	f
556	2017111063	67083	f
557	2017111063	90124	f
558	2017111063	10221	f
559	2017111063	41323	f
560	2017111063	82289	f
561	2017111063	90008	f
562	2017111063	77871	f
563	2017111063	71979	f
564	2017111063	79305	f
565	2017111063	51438	f
566	2017111063	64047	f
567	2017111063	46559	f
568	2017111063	40298	f
569	2017111063	33055	f
570	2017111063	76743	f
571	2017111063	14400	f
572	2017111063	15631	f
573	2017111063	11127	f
574	2017111063	92508	f
575	2017111063	69572	f
576	2017111063	40619	f
577	2017111063	43026	f
578	2017111063	50564	f
579	2017111063	44977	f
580	2017111063	42091	f
581	2017111063	65151	f
582	2017111063	50418	f
583	2017111063	41667	f
584	2017111063	25842	f
585	2017111063	08713	f
586	2017111063	34186	f
587	2017111063	21561	f
588	2017111063	36269	f
589	2017111063	93107	f
590	2017111063	07116	f
591	2017111063	86162	f
592	2017111063	34023	f
593	2017111063	89017	f
594	2017111063	53084	f
595	2017111063	16695	f
596	2017111063	76150	f
597	2017111063	60164	f
598	2017111063	94438	f
599	2017111063	38326	f
600	2017111063	24174	f
601	2017111063	36612	f
602	2017111063	62768	f
603	2017111063	92454	f
604	2017111063	38958	f
605	2017111063	64133	f
606	2017111063	70743	f
607	2017111063	14666	f
608	2017111063	09332	f
609	2017111063	55132	f
610	2017111063	32753	f
611	2017111063	68098	f
612	2017111063	74850	f
613	2017111063	53892	f
614	2017111064	37623	f
615	2017111064	02346	f
616	2017111064	37498	f
617	2017111064	80519	f
618	2017111064	20028	f
619	2017111064	40543	f
620	2017111064	17388	f
621	2017111064	04328	f
622	2017111064	97207	f
623	2017111064	23259	f
624	2017111064	03130	f
625	2017111064	58156	f
626	2017111064	79035	f
627	2017111064	30487	f
628	2017111064	79778	f
629	2017111064	88526	f
630	2017111064	97298	f
631	2017111064	62540	f
632	2017111064	44431	f
633	2017111064	88511	f
634	2017111064	06135	f
635	2017111064	38387	f
636	2017111064	38741	f
637	2017111064	04005	f
638	2017111064	50033	f
639	2017111064	15416	f
640	2017111064	22460	f
641	2017111064	49441	f
642	2017111064	92548	f
643	2017111064	81881	f
644	2017111064	68268	f
645	2017111064	13143	f
646	2017111064	26611	f
647	2017111064	22166	f
648	2017111064	67311	f
649	2017111064	70191	f
650	2017111064	70329	f
651	2017111064	75302	f
652	2017111064	82508	f
653	2017111064	98644	f
654	2017111064	56311	f
655	2017111064	42679	f
656	2017111064	09112	f
657	2017111064	08770	f
658	2017111064	50418	f
659	2017111064	41667	f
660	2017111064	25842	f
661	2017111064	08713	f
662	2017111064	34186	f
663	2017111064	21561	f
664	2017111064	36269	f
665	2017111064	93107	f
666	2017111064	07116	f
667	2017111064	86162	f
668	2017111064	34023	f
669	2017111064	89017	f
670	2017111064	53084	f
671	2017111064	16695	f
672	2017111064	76150	f
673	2017111069	05187	f
674	2017111069	36908	f
675	2017111069	71550	f
676	2017111069	18971	f
677	2017111069	98694	f
678	2017111069	69044	f
679	2017111069	32895	f
680	2017111069	54556	f
681	2017111069	54744	f
682	2017111069	15523	f
683	2017111069	19874	f
684	2017111069	06493	f
685	2017111069	89873	f
686	2017111069	04915	f
687	2017111069	68939	f
688	2017111069	86766	f
689	2017111069	07133	f
690	2017111069	20105	f
691	2017111069	14785	f
692	2017111069	75801	f
693	2017111069	68223	f
694	2017111069	71121	f
695	2017111069	30729	f
696	2017111069	25032	f
697	2017111069	26780	f
698	2017111069	70610	f
699	2017111069	30322	f
700	2017111069	56180	f
701	2017111069	65444	f
702	2017111069	17236	f
703	2017111069	37623	f
704	2017111069	02346	f
705	2017111069	37498	f
706	2017111069	80519	f
707	2017111069	20028	f
708	2017111069	40543	f
709	2017111069	17388	f
710	2017111069	04328	f
711	2017111069	97207	f
712	2017111069	23259	f
713	2017111069	03130	f
714	2017111069	43401	f
715	2017111069	05186	f
716	2017111069	81950	f
717	2017111069	58605	f
718	2017111069	68191	f
719	2017111069	54507	f
720	2017111069	29438	f
721	2017111069	56753	f
722	2017111069	60809	f
723	2017111069	11393	f
724	2017111069	11165	f
725	2017111069	01314	f
726	2017111069	68934	f
727	2017111069	95463	f
728	2017111069	42812	f
729	2017111069	93027	f
730	2017111069	73156	f
731	2017111069	24490	f
732	2017111069	52906	f
733	2017111069	29516	f
734	2017111069	99124	f
735	2017111069	48009	f
736	2017111069	77913	f
737	2017111069	87903	f
738	2017111069	07562	f
739	2017111069	77187	f
740	2017111069	97841	f
741	2017111069	74390	f
742	2017111069	03204	f
743	2017111069	98604	f
744	2017111069	09324	f
745	2017111069	96991	f
746	2017111069	58156	f
747	2017111069	79035	f
748	2017111069	30487	f
749	2017111069	79778	f
750	2017111069	88526	f
751	2017111069	97298	f
752	2017111069	62540	f
753	2017111069	44431	f
754	2017111069	88511	f
755	2017111069	06135	f
756	2017111069	38387	f
757	2017111069	38741	f
758	2017111069	04005	f
759	2017111069	50033	f
760	2017111069	15416	f
761	2017111069	22460	f
762	2017111069	49441	f
763	2017111069	16639	f
764	2017111069	06071	f
765	2017111069	67650	f
766	2017111069	75657	f
767	2017111069	83269	f
768	2017111069	94729	f
769	2017111069	22676	f
770	2017111069	89788	f
771	2017111069	93737	f
772	2017111069	67217	f
773	2017111069	25413	f
774	2017111069	47803	f
775	2017111069	57259	f
776	2017111069	64782	f
777	2017111069	45781	f
778	2017111069	58209	f
779	2017111069	18113	f
780	2017111069	59340	f
781	2017111069	39001	f
782	2017111069	15370	f
783	2017111069	50420	f
784	2017111069	90389	f
785	2017111069	18395	f
786	2017111069	41856	f
787	2017111069	30626	f
788	2017111069	42903	f
789	2017111069	30111	f
790	2017111069	27125	f
791	2017111069	53288	f
792	2017111069	92015	f
793	2017111069	67740	f
794	2017111069	35370	f
795	2017111069	54679	f
796	2017111069	66472	f
797	2017111069	23429	f
798	2017111069	98930	f
799	2017111069	96353	f
800	2017111069	05623	f
801	2017111069	30553	f
802	2017111069	49793	f
803	2017111069	24332	f
804	2017111069	20583	f
805	2017111069	71822	f
806	2017111069	35749	f
807	2017111069	90762	f
808	2017111069	03193	f
809	2017111069	42852	f
810	2017111069	73142	f
811	2017111069	19099	f
812	2017111069	11327	f
813	2017111069	82032	f
814	2017111069	15332	f
815	2017111069	60546	f
816	2017111069	00948	f
817	2017111069	83376	f
818	2017111069	72961	f
819	2017111069	49330	f
820	2017111069	78325	f
821	2017111069	09197	f
822	2017111069	86291	f
823	2017111069	11708	f
824	2017111069	33194	f
825	2017111069	07161	f
826	2017111069	95741	f
827	2017111069	71267	f
828	2017111069	01277	f
829	2017111069	78123	f
830	2017111069	04016	f
831	2017111069	82171	f
832	2017111069	50787	f
833	2017111069	94039	f
834	2017111069	92548	f
835	2017111069	81881	f
836	2017111069	68268	f
837	2017111069	13143	f
838	2017111069	26611	f
839	2017111069	18805	f
840	2017111069	77580	f
841	2017111069	60727	f
842	2017111069	48922	f
843	2017111069	29043	f
844	2017111069	51924	f
845	2017111069	82385	f
846	2017111069	18921	f
847	2017111069	02689	f
848	2017111069	53511	f
849	2017111069	17801	f
850	2017111069	94110	f
851	2017111069	60933	f
852	2017111069	75733	f
853	2017111069	52224	f
854	2017111069	05438	f
855	2017111069	51600	f
856	2017111069	42846	f
857	2017111069	85085	f
858	2017111069	61651	f
859	2017111069	05291	f
860	2017111069	23658	f
861	2017111069	54623	f
862	2017111069	13501	f
863	2017111069	53327	f
864	2017111069	49296	f
865	2017111069	22302	f
866	2017111069	25474	f
867	2017111069	51388	f
868	2017111069	21025	f
869	2017111069	75618	f
870	2017111069	47671	f
871	2017111069	27451	f
872	2017111069	04447	f
873	2017111069	74464	f
874	2017111069	80264	f
875	2017111069	32842	f
876	2017111069	30295	f
877	2017111069	63496	f
878	2017111069	04045	f
879	2017111069	64010	f
880	2017111069	61602	f
881	2017111069	80552	f
882	2017111069	47971	f
883	2017111069	92140	f
884	2017111069	48887	f
885	2017111069	81782	f
886	2017111069	70538	f
887	2017111069	90546	f
888	2017111069	28555	f
889	2017111069	41550	f
890	2017111069	39718	f
891	2017111069	98723	f
892	2017111069	35642	f
893	2017111069	22118	f
894	2017111069	69493	f
895	2017111069	37628	f
896	2017111069	38774	f
897	2017111069	04924	f
898	2017111069	10615	f
899	2017111069	71619	f
900	2017111069	23855	f
901	2017111069	18564	f
902	2017111069	95000	f
903	2017111069	01463	f
904	2017111069	48726	f
905	2017111069	43892	f
906	2017111069	33736	f
907	2017111069	07773	f
908	2017111069	62576	f
909	2017111069	22166	f
910	2017111069	67311	f
911	2017111069	70191	f
912	2017111069	70329	f
913	2017111069	75302	f
914	2017111069	82508	f
915	2017111069	98644	f
916	2017111069	56311	f
917	2017111069	42679	f
918	2017111069	09112	f
919	2017111069	08770	f
920	2017111069	86858	f
921	2017111069	67083	f
922	2017111069	90124	f
923	2017111069	10221	f
924	2017111069	41323	f
925	2017111069	82289	f
926	2017111069	90008	f
927	2017111069	77871	f
928	2017111069	71979	f
929	2017111069	79305	f
930	2017111069	51438	f
931	2017111069	64047	f
932	2017111069	46559	f
933	2017111069	40298	f
934	2017111069	33055	f
935	2017111069	76743	f
936	2017111069	14400	f
937	2017111069	15631	f
938	2017111069	11127	f
939	2017111069	92508	f
940	2017111069	69572	f
941	2017111069	40619	f
942	2017111069	43026	f
943	2017111069	50564	f
944	2017111069	44977	f
945	2017111069	42091	f
946	2017111069	65151	f
947	2017111069	50418	f
948	2017111069	41667	f
949	2017111069	25842	f
950	2017111069	08713	f
951	2017111069	34186	f
952	2017111069	21561	f
953	2017111069	36269	f
954	2017111069	93107	f
955	2017111069	07116	f
956	2017111069	86162	f
957	2017111069	34023	f
958	2017111069	89017	f
959	2017111069	53084	f
960	2017111069	16695	f
961	2017111069	76150	f
962	2017111069	60164	f
963	2017111069	94438	f
964	2017111069	38326	f
965	2017111069	24174	f
966	2017111069	36612	f
967	2017111069	62768	f
968	2017111069	92454	f
969	2017111069	38958	f
970	2017111069	64133	f
971	2017111069	70743	f
972	2017111069	14666	f
973	2017111069	09332	f
974	2017111069	55132	f
975	2017111069	32753	f
976	2017111069	68098	f
977	2017111069	74850	f
978	2017111069	53892	f
979	20171110616	05187	f
980	20171110616	36908	f
981	20171110616	71550	f
982	20171110616	07133	f
983	20171110616	20105	f
984	20171110616	14785	f
985	20171110616	37623	f
986	20171110616	02346	f
987	20171110616	37498	f
988	20171110616	43401	f
989	20171110616	05186	f
990	20171110616	81950	f
991	20171110616	01314	f
992	20171110616	68934	f
993	20171110616	95463	f
994	20171110616	58156	f
995	20171110616	79035	f
996	20171110616	30487	f
997	20171110616	16639	f
998	20171110616	06071	f
999	20171110616	67650	f
1000	20171110616	39001	f
1001	20171110616	15370	f
1002	20171110616	50420	f
1003	20171110616	92015	f
1004	20171110616	67740	f
1005	20171110616	35370	f
1006	20171110616	30553	f
1007	20171110616	49793	f
1008	20171110616	24332	f
1009	20171110616	19099	f
1010	20171110616	11327	f
1011	20171110616	82032	f
1012	20171110616	11708	f
1013	20171110616	33194	f
1014	20171110616	07161	f
1015	20171110616	92548	f
1016	20171110616	81881	f
1017	20171110616	68268	f
1018	20171110616	18805	f
1019	20171110616	77580	f
1020	20171110616	60727	f
1021	20171110616	60933	f
1022	20171110616	75733	f
1023	20171110616	52224	f
1024	20171110616	13501	f
1025	20171110616	53327	f
1026	20171110616	49296	f
1027	20171110616	80264	f
1028	20171110616	32842	f
1029	20171110616	30295	f
1030	20171110616	48887	f
1031	20171110616	81782	f
1032	20171110616	70538	f
1033	20171110616	69493	f
1034	20171110616	37628	f
1035	20171110616	38774	f
1036	20171110616	22166	f
1037	20171110616	67311	f
1038	20171110616	70191	f
1039	20171110616	86858	f
1040	20171110616	67083	f
1041	20171110616	90124	f
1042	20171110616	46559	f
1043	20171110616	40298	f
1044	20171110616	33055	f
1045	20171110616	50418	f
1046	20171110616	41667	f
1047	20171110616	25842	f
1048	20171110616	60164	f
1049	20171110616	94438	f
1050	20171110616	38326	f
1051	20171110616	09332	f
1052	20171110616	55132	f
1053	20171110616	32753	f
1054	20171110616	68098	f
1055	20171110616	74850	f
1056	20171110616	53892	f
1057	20171110650	05187	f
1058	20171110650	36908	f
1059	20171110650	71550	f
1060	20171110650	13501	f
1061	20171110650	53327	f
1062	20171110650	49296	f
1063	20171110650	69493	f
1064	20171110650	37628	f
1065	20171110650	38774	f
1066	20171110650	50418	f
1067	20171110650	41667	f
1068	20171110650	25842	f
1069	20171110650	09332	f
1070	20171110650	55132	f
1071	20171110650	32753	f
1072	20171110650	68098	f
1073	20171110650	74850	f
1074	20171110650	53892	f
1075	2017111070	05187	f
1076	2017111070	36908	f
1077	2017111070	71550	f
1078	2017111070	07133	f
1079	2017111070	20105	f
1080	2017111070	14785	f
1081	2017111070	37623	f
1082	2017111070	02346	f
1083	2017111070	37498	f
1084	2017111070	43401	f
1085	2017111070	05186	f
1086	2017111070	81950	f
1087	2017111070	01314	f
1088	2017111070	68934	f
1089	2017111070	95463	f
1090	2017111070	58156	f
1091	2017111070	79035	f
1092	2017111070	30487	f
1093	2017111070	16639	f
1094	2017111070	06071	f
1095	2017111070	67650	f
1096	2017111070	39001	f
1097	2017111070	15370	f
1098	2017111070	50420	f
1099	2017111070	92015	f
1100	2017111070	67740	f
1101	2017111070	35370	f
1102	2017111070	30553	f
1103	2017111070	49793	f
1104	2017111070	24332	f
1105	2017111070	19099	f
1106	2017111070	11327	f
1107	2017111070	82032	f
1108	2017111070	11708	f
1109	2017111070	33194	f
1110	2017111070	07161	f
1111	2017111070	92548	f
1112	2017111070	81881	f
1113	2017111070	68268	f
1114	2017111070	18805	f
1115	2017111070	77580	f
1116	2017111070	60727	f
1117	2017111070	60933	f
1118	2017111070	75733	f
1119	2017111070	52224	f
1120	2017111070	13501	f
1121	2017111070	53327	f
1122	2017111070	49296	f
1123	2017111070	80264	f
1124	2017111070	32842	f
1125	2017111070	30295	f
1126	2017111070	48887	f
1127	2017111070	81782	f
1128	2017111070	70538	f
1129	2017111070	69493	f
1130	2017111070	37628	f
1131	2017111070	38774	f
1132	2017111070	22166	f
1133	2017111070	67311	f
1134	2017111070	70191	f
1135	2017111070	86858	f
1136	2017111070	67083	f
1137	2017111070	90124	f
1138	2017111070	46559	f
1139	2017111070	40298	f
1140	2017111070	33055	f
1141	2017111070	50418	f
1142	2017111070	41667	f
1143	2017111070	25842	f
1144	2017111070	60164	f
1145	2017111070	94438	f
1146	2017111070	38326	f
1147	2017111070	09332	f
1148	2017111070	55132	f
1149	2017111070	32753	f
1150	2017111070	68098	f
1151	2017111070	74850	f
1152	2017111070	53892	f
\.


--
-- Name: read_receipt_receipt_id_seq; Type: SEQUENCE SET; Schema: public; Owner: vagrant
--

SELECT pg_catalog.setval('read_receipt_receipt_id_seq', 1152, true);


--
-- Data for Name: stores; Type: TABLE DATA; Schema: public; Owner: vagrant
--

COPY stores (store_id, name, address, phone, district_id) FROM stdin;
001	Edward Spurs Mall	55922 Kim Junction\nStephaniemouth, AK 19595	(130) 125-8471	D01
002	Jody Mountain Mall	337 Gary Garden\nLake Brandonfurt, AS 98989-8798	(041) 277-8557	D01
003	Garcia Field Mall	6221 Ochoa Meadow\nYoungtown, NC 54038	(469) 839-4664	D04
004	Hicks Junction Mall	836 Murphy Harbors Apt. 891\nPort Emmafurt, VI 23700-9106	(328) 174-8764	D02
005	Robin Wall Mall	8523 Perez Stream\nBuckview, WV 26143-4968	(651) 565-0855	D02
006	Nichols Hills Mall	543 Burke Ridge Apt. 473\nKathyborough, MO 75480-4188	(773) 931-9960	D03
007	Bowers Island Mall	Unit 7193 Box 5871\nDPO AA 04149-8493	(290) 010-9428	D02
008	Jessica Crossroad Mall	7153 Tanya Flat Apt. 717\nEast Jonathonchester, PW 41690	(025) 715-5595	D04
009	Jennifer Islands Mall	7075 Sawyer Bypass\nMartinezhaven, WI 27262-0697	(263) 231-1233	D03
010	Brian Fort Mall	450 Rachel Harbors Suite 285\nLake Jasmine, FL 99451-6184	(932) 166-9612	D04
011	Mark Road Mall	9236 Ramirez Village Apt. 993\nNew Ronald, CT 67502-3783	(851) 964-4177	D01
012	Smith Mill Mall	6673 Gregory Streets Suite 549\nLake Amy, VI 67054	(144) 398-3865	D03
013	Taylor Ferry Mall	23916 Holmes Knolls Suite 856\nJohnsonstad, SD 28214-8634	(840) 783-8872	D02
014	Nathaniel Pines Mall	00951 Hernandez Station\nMillertown, CA 65089-9696	(002) 895-5834	D02
015	Berg Port Mall	2746 Kimberly Mill\nVincenttown, DE 77243	(286) 469-6252	D03
016	Tina Course Mall	USS Hunt\nFPO AP 02685	(163) 010-2230	D02
017	Bowman Circle Mall	USNV Mills\nFPO AP 95141	(855) 467-5760	D03
018	Matthew Knoll Mall	83440 Blackburn Drive\nSmithbury, FM 94456-8687	(063) 977-2399	D02
019	Dylan Cape Mall	PSC 6251, Box 3972\nAPO AE 25481	(373) 824-7862	D03
020	Schroeder Circles Mall	Unit 7008 Box 8976\nDPO AA 05946-6365	(671) 768-0895	D02
021	Thomas Avenue Mall	01448 Huang Path Apt. 248\nStephanieshire, WY 50515-5733	(639) 769-5638	D03
022	Catherine Burgs Mall	012 Haney Estates Suite 155\nNorth Deniseshire, MS 33720	(574) 965-0136	D04
023	Sharon Route Mall	84201 Lee Road\nRacheltown, SD 76562	(968) 172-0511	D04
024	Tyler View Mall	780 Robert Spring Suite 286\nNorth Patriciabury, NE 56355-2924	(667) 134-0941	D01
999	Corporate Headquarters	123 Main Street\nAnywhere, USA 12345	(415) 555-1234	D99
\.


--
-- Name: action_pkey; Type: CONSTRAINT; Schema: public; Owner: vagrant
--

ALTER TABLE ONLY action
    ADD CONSTRAINT action_pkey PRIMARY KEY (action_id, post_id);


--
-- Name: districts_pkey; Type: CONSTRAINT; Schema: public; Owner: vagrant
--

ALTER TABLE ONLY districts
    ADD CONSTRAINT districts_pkey PRIMARY KEY (district_id);


--
-- Name: employees_pkey; Type: CONSTRAINT; Schema: public; Owner: vagrant
--

ALTER TABLE ONLY employees
    ADD CONSTRAINT employees_pkey PRIMARY KEY (emp_id);


--
-- Name: positions_pkey; Type: CONSTRAINT; Schema: public; Owner: vagrant
--

ALTER TABLE ONLY positions
    ADD CONSTRAINT positions_pkey PRIMARY KEY (pos_id);


--
-- Name: posts_pkey; Type: CONSTRAINT; Schema: public; Owner: vagrant
--

ALTER TABLE ONLY posts
    ADD CONSTRAINT posts_pkey PRIMARY KEY (post_id);


--
-- Name: read_receipt_pkey; Type: CONSTRAINT; Schema: public; Owner: vagrant
--

ALTER TABLE ONLY read_receipt
    ADD CONSTRAINT read_receipt_pkey PRIMARY KEY (receipt_id);


--
-- Name: stores_pkey; Type: CONSTRAINT; Schema: public; Owner: vagrant
--

ALTER TABLE ONLY stores
    ADD CONSTRAINT stores_pkey PRIMARY KEY (store_id);


--
-- Name: action_emp_id_fkey; Type: FK CONSTRAINT; Schema: public; Owner: vagrant
--

ALTER TABLE ONLY action
    ADD CONSTRAINT action_emp_id_fkey FOREIGN KEY (emp_id) REFERENCES employees(emp_id);


--
-- Name: action_post_id_fkey; Type: FK CONSTRAINT; Schema: public; Owner: vagrant
--

ALTER TABLE ONLY action
    ADD CONSTRAINT action_post_id_fkey FOREIGN KEY (post_id) REFERENCES posts(post_id);


--
-- Name: employees_pos_id_fkey; Type: FK CONSTRAINT; Schema: public; Owner: vagrant
--

ALTER TABLE ONLY employees
    ADD CONSTRAINT employees_pos_id_fkey FOREIGN KEY (pos_id) REFERENCES positions(pos_id);


--
-- Name: employees_store_id_fkey; Type: FK CONSTRAINT; Schema: public; Owner: vagrant
--

ALTER TABLE ONLY employees
    ADD CONSTRAINT employees_store_id_fkey FOREIGN KEY (store_id) REFERENCES stores(store_id);


--
-- Name: posts_emp_id_fkey; Type: FK CONSTRAINT; Schema: public; Owner: vagrant
--

ALTER TABLE ONLY posts
    ADD CONSTRAINT posts_emp_id_fkey FOREIGN KEY (emp_id) REFERENCES employees(emp_id);


--
-- Name: read_receipt_emp_id_fkey; Type: FK CONSTRAINT; Schema: public; Owner: vagrant
--

ALTER TABLE ONLY read_receipt
    ADD CONSTRAINT read_receipt_emp_id_fkey FOREIGN KEY (emp_id) REFERENCES employees(emp_id);


--
-- Name: read_receipt_post_id_fkey; Type: FK CONSTRAINT; Schema: public; Owner: vagrant
--

ALTER TABLE ONLY read_receipt
    ADD CONSTRAINT read_receipt_post_id_fkey FOREIGN KEY (post_id) REFERENCES posts(post_id);


--
-- Name: stores_district_id_fkey; Type: FK CONSTRAINT; Schema: public; Owner: vagrant
--

ALTER TABLE ONLY stores
    ADD CONSTRAINT stores_district_id_fkey FOREIGN KEY (district_id) REFERENCES districts(district_id);


--
-- Name: public; Type: ACL; Schema: -; Owner: postgres
--

REVOKE ALL ON SCHEMA public FROM PUBLIC;
REVOKE ALL ON SCHEMA public FROM postgres;
GRANT ALL ON SCHEMA public TO postgres;
GRANT ALL ON SCHEMA public TO PUBLIC;


--
-- PostgreSQL database dump complete
--

